Date,Open,High,Low,Close
4-May-2015,9861.94,9982.75,9849.04,9952.05,
5-May-2015,9968.61,10256.18,9903.15,10236.64,
6-May-2015,10234.11,10279.87,9889.19,9912.25,
7-May-2015,9948.24,9948.24,9795.73,9875.88,
8-May-2015,9923.86,9989.00,9889.18,9952.55,
11-May-2015,10041.85,10286.05,10041.85,10202.97,
12-May-2015,10217.27,10220.35,9878.58,9900.20,
13-May-2015,9900.26,9982.99,9773.12,9913.47,
14-May-2015,9915.00,10004.55,9848.53,9988.56,
15-May-2015,9954.95,9974.38,9844.21,9883.52,
18-May-2015,9906.57,9973.89,9900.81,9951.27,
19-May-2015,9961.87,10041.99,9900.01,9994.09,
20-May-2015,9996.63,10005.22,9903.36,9916.79,
21-May-2015,9897.98,9920.81,9815.97,9877.63,
22-May-2015,9872.83,9904.36,9828.31,9860.34,
25-May-2015,9844.53,9844.53,9676.15,9692.88,
26-May-2015,9701.79,9732.10,9657.07,9687.76,
27-May-2015,9653.39,9733.70,9626.92,9713.98,
28-May-2015,9721.14,9772.52,9616.00,9677.17,
29-May-2015,9676.08,9778.34,9633.79,9728.35,
1-June-2015,9720.78,9806.73,9699.11,9715.44,
2-June-2015,9730.90,9745.77,9489.07,9510.68,
3-June-2015,9528.71,9543.06,9326.17,9397.95,
4-June-2015,9427.60,9440.90,9191.43,9293.52,
5-June-2015,9304.49,9552.56,9297.20,9458.78,
8-June-2015,9480.05,9552.41,9277.59,9294.88,
9-June-2015,9270.74,9421.53,9221.32,9370.41,
10-June-2015,9373.59,9459.56,9360.64,9434.32,
11-June-2015,9453.39,9495.21,9296.22,9318.55,
12-June-2015,9288.18,9308.61,9150.78,9186.40,
15-June-2015,9249.02,9261.47,9115.68,9129.68,
16-June-2015,9149.97,9159.61,9075.77,9140.60,
17-June-2015,9201.09,9286.63,9132.57,9211.62,
18-June-2015,9242.24,9258.72,9172.59,9194.22,
19-June-2015,9237.45,9333.38,9192.47,9235.97,
22-June-2015,9270.74,9392.07,9270.16,9340.47,
23-June-2015,9365.29,9552.23,9354.42,9500.08,
24-June-2015,9564.39,9578.83,9307.87,9350.99,
25-June-2015,9347.05,9408.75,9308.81,9385.36,
26-June-2015,9371.45,9399.27,9271.15,9300.33,
29-June-2015,9227.10,9227.10,9037.66,9176.79,
30-June-2015,9183.76,9355.46,9178.09,9335.29,
1-July-2015,9362.38,9479.05,9353.75,9437.41,
2-July-2015,9455.56,9483.75,9342.49,9378.44,
3-July-2015,9393.39,9405.14,9222.54,9239.77,
6-July-2015,9177.13,9194.34,9062.73,9182.94,
7-July-2015,9203.61,9286.32,9172.63,9190.86,
8-July-2015,9140.78,9140.78,8765.25,8833.51,
9-July-2015,8859.58,8893.70,8779.81,8791.98,
10-July-2015,8857.56,8915.72,8814.67,8871.54,
13-July-2015,8909.33,8927.03,8787.97,8915.69,
14-July-2015,8934.94,9008.93,8920.67,8978.53,
15-July-2015,9034.83,9072.36,8985.47,8998.91,
16-July-2015,9049.60,9072.98,9006.82,9039.64,
17-July-2015,9064.57,9070.21,8964.27,8998.78,
20-July-2015,9043.98,9051.89,8935.98,8953.16,
21-July-2015,8961.54,8988.08,8823.84,8847.79,
22-July-2015,8804.93,8940.80,8771.65,8931.99,
23-July-2015,8881.34,8953.38,8868.11,8885.13,
24-July-2015,8894.52,8927.27,8760.97,8771.92,
27-July-2015,8757.93,8757.93,8537.57,8571.10,
28-July-2015,8565.25,8596.39,8479.32,8508.88,
29-July-2015,8548.19,8588.21,8482.00,8539.36,
30-July-2015,8598.05,8607.90,8498.42,8522.84,
31-July-2015,8562.14,8711.89,8560.92,8668.37,
3-August-2015,8689.04,8695.67,8551.90,8574.51,
4-August-2015,8583.78,8855.79,8565.99,8805.33,
5-August-2015,8852.03,8982.40,8786.84,8802.19,
6-August-2015,8808.56,8836.03,8732.81,8753.68,
7-August-2015,8803.96,8823.76,8660.09,8672.80,
10-August-2015,8703.75,8721.66,8545.38,8582.80,
11-August-2015,8586.28,8602.76,8257.18,8280.50,
12-August-2015,8312.87,8317.32,7853.81,7918.87,
13-August-2015,7949.40,8007.33,7678.16,7700.89,
14-August-2015,7711.13,7825.07,7630.01,7806.25,
17-August-2015,7818.99,7935.57,7709.36,7908.07,
18-August-2015,7857.95,7995.41,7700.28,7756.17,
19-August-2015,7769.33,7773.83,7635.69,7652.66,
20-August-2015,7635.33,7667.42,7453.87,7469.58,
21-August-2015,7410.89,7436.39,7310.98,7400.37,
24-August-2015,7205.36,7228.12,6808.98,6868.73,
25-August-2015,6940.10,7171.29,6774.28,7146.03,
26-August-2015,7142.04,7257.60,7027.29,7162.40,
27-August-2015,7271.26,7386.81,7212.12,7345.07,
28-August-2015,7499.18,7521.28,7335.63,7401.72,
31-August-2015,7380.33,7499.51,7276.07,7446.07,
1-September-2015,7366.87,7423.21,7108.60,7204.79,
2-September-2015,7253.31,7289.59,7071.52,7108.43,
3-September-2015,7169.08,7332.29,7124.98,7281.31,
4-September-2015,7255.65,7263.56,7050.96,7116.66,
7-September-2015,7162.85,7172.79,6939.09,6952.36,
8-September-2015,6976.39,7176.71,6939.93,7114.17,
9-September-2015,7288.37,7418.36,7201.40,7366.15,
10-September-2015,7295.22,7336.17,7198.73,7309.71,
11-September-2015,7371.98,7383.34,7171.27,7197.95,
14-September-2015,7218.47,7404.94,7188.36,7392.64,
15-September-2015,7436.58,7436.58,7199.13,7219.43,
16-September-2015,7300.13,7319.64,7210.47,7244.56,
18-September-2015,7311.23,7378.35,7247.12,7291.21,
21-September-2015,7260.81,7320.27,7188.25,7285.60,
22-September-2015,7311.52,7314.01,6962.33,6976.62,
23-September-2015,6906.46,7023.49,6824.32,6983.60,
24-September-2015,6973.12,6976.50,6858.49,6887.73,
28-September-2015,6908.44,6930.04,6683.46,6708.35,
29-September-2015,6637.69,6653.78,6513.66,6611.32,
30-September-2015,6701.20,6850.94,6701.20,6833.72,
1-October-2015,6899.96,6902.58,6799.25,6825.40,
5-October-2015,6872.72,7013.18,6827.62,6995.40,
6-October-2015,7057.53,7165.64,7012.34,7145.23,
7-October-2015,7141.50,7381.26,7101.83,7342.28,
8-October-2015,7364.90,7434.00,7296.73,7366.14,
9-October-2015,7408.32,7514.57,7408.27,7439.05,
12-October-2015,7508.76,7686.63,7495.03,7541.97,
13-October-2015,7464.73,7560.52,7438.91,7548.28,
14-October-2015,7526.53,7669.78,7508.46,7525.78,
15-October-2015,7552.94,7665.74,7533.81,7631.11,
16-October-2015,7646.90,7674.51,7532.91,7598.49,
19-October-2015,7618.68,7654.21,7536.75,7556.16,
20-October-2015,7553.71,7559.11,7405.88,7420.11,
21-October-2015,7417.40,7548.06,7397.74,7507.28,
23-October-2015,7576.63,7610.77,7513.62,7531.82,
26-October-2015,7570.55,7621.80,7470.42,7479.17,
27-October-2015,7469.61,7484.05,7374.30,7443.24,
28-October-2015,7431.38,7466.68,7386.33,7439.13,
29-October-2015,7484.41,7484.41,7358.96,7376.22,
30-October-2015,7366.73,7495.60,7279.17,7307.74,
2-November-2015,7354.34,7354.34,7149.36,7214.59,
3-November-2015,7239.48,7318.18,7196.08,7218.18,
4-November-2015,7271.63,7306.17,7228.05,7247.42,
5-November-2015,7256.82,7259.23,7166.92,7182.51,
6-November-2015,7149.14,7181.98,7059.56,7153.74,
9-November-2015,7051.60,7195.09,6954.73,7147.19,
10-November-2015,7135.10,7135.10,6922.75,6948.37,
11-November-2015,7009.56,7046.70,7007.45,7017.09,
13-November-2015,7001.69,7095.63,6961.14,7064.16,
16-November-2015,7033.80,7094.39,6943.79,7080.37,
17-November-2015,7106.46,7195.60,7106.46,7153.04,
18-November-2015,7154.75,7196.17,6993.32,7043.47,
19-November-2015,7072.69,7123.78,7027.81,7107.26,
20-November-2015,7133.88,7181.90,7102.17,7112.31,
23-November-2015,7112.36,7119.99,7006.51,7026.23,
24-November-2015,7001.18,7070.20,6991.65,7015.98,
26-November-2015,7031.10,7145.37,7030.58,7091.34,
27-November-2015,7110.19,7229.70,7089.73,7143.43,
30-November-2015,7137.06,7195.58,7105.55,7118.40,
1-December-2015,7139.37,7365.58,7135.54,7344.58,
2-December-2015,7382.23,7427.76,7341.55,7373.81,
3-December-2015,7359.58,7359.58,7257.82,7273.96,
4-December-2015,7252.73,7331.42,7216.77,7280.08,
7-December-2015,7374.19,7388.33,7211.40,7224.23,
8-December-2015,7197.16,7197.16,6973.89,6989.50,
9-December-2015,6958.44,6973.81,6746.18,6774.65,
10-December-2015,6789.86,6904.48,6789.86,6886.60,
11-December-2015,6918.74,6982.31,6871.21,6902.75,
14-December-2015,6897.65,7091.59,6864.30,7068.35,
15-December-2015,7103.21,7112.50,7024.85,7052.92,
16-December-2015,7070.29,7122.78,7048.99,7074.22,
17-December-2015,7086.11,7259.10,7084.52,7247.93,
18-December-2015,7241.27,7263.65,7165.14,7183.67,
21-December-2015,7167.70,7327.60,7167.70,7289.15,
22-December-2015,7280.13,7324.51,7203.47,7216.27,
23-December-2015,7255.34,7369.70,7255.34,7351.10,
24-December-2015,7408.78,7454.11,7369.45,7406.16,
28-December-2015,7439.13,7448.00,7306.80,7349.43,
29-December-2015,7372.54,7389.38,7308.32,7318.49,
30-December-2015,7350.12,7402.87,7330.62,7338.65,
31-December-2015,7374.71,7418.28,7319.38,7397.96,
1-January-2016,7415.08,7459.91,7363.59,7445.96,
4-January-2016,7438.26,7517.22,7304.16,7352.72,
5-January-2016,7378.58,7548.38,7336.20,7514.49,
6-January-2016,7522.82,7522.82,7371.35,7402.93,
7-January-2016,7322.55,7322.55,7102.72,7127.88,
8-January-2016,7163.13,7218.16,7023.02,7123.44,
11-January-2016,7059.07,7125.30,6913.36,7094.78,
12-January-2016,7091.72,7149.89,6980.45,7029.46,
13-January-2016,7059.47,7119.32,6860.47,7005.52,
14-January-2016,6873.54,6997.44,6794.29,6922.45,
15-January-2016,6967.72,6986.85,6719.77,6741.65,
18-January-2016,6729.57,6846.13,6638.61,6667.03,
19-January-2016,6696.65,6718.00,6575.76,6671.92,
20-January-2016,6614.72,6614.72,6353.30,6466.35,
21-January-2016,6534.76,6570.39,6363.96,6386.11,
22-January-2016,6458.40,6677.93,6452.99,6661.68,
25-January-2016,6713.90,6808.49,6711.68,6766.95,
27-January-2016,6790.16,6815.90,6721.36,6789.62,
28-January-2016,6776.91,6853.06,6729.70,6773.43,
29-January-2016,6779.85,6947.14,6779.85,6894.01,
1-February-2016,6907.07,6967.26,6799.23,6947.69,
2-February-2016,6977.20,6995.17,6617.52,6647.17,
3-February-2016,6590.29,6677.63,6479.63,6512.27,
4-February-2016,6545.60,6717.63,6544.15,6673.88,
5-February-2016,6673.61,6941.72,6627.29,6898.53,
8-February-2016,6947.71,7025.83,6811.92,6839.94,
9-February-2016,6742.16,6800.25,6642.65,6671.14,
10-February-2016,6633.80,6689.85,6515.04,6666.71,
11-February-2016,6659.22,6660.19,6334.56,6412.38,
12-February-2016,6468.59,6575.70,6169.41,6332.43,
15-February-2016,6448.70,6964.50,6447.00,6888.93,
16-February-2016,6950.19,6973.32,6726.94,6768.91,
17-February-2016,6764.50,6809.30,6572.60,6790.60,
18-February-2016,6873.73,6936.14,6753.91,6866.71,
19-February-2016,6834.67,6898.30,6772.22,6872.10,
22-February-2016,6901.30,6947.60,6868.42,6910.78,
23-February-2016,6921.89,6973.70,6773.79,6789.70,
24-February-2016,6688.71,6715.93,6596.05,6611.83,
25-February-2016,6638.30,6714.86,6604.50,6638.67,
26-February-2016,6694.37,6770.38,6637.58,6749.02,
29-February-2016,6780.61,6909.41,6657.41,6759.24,
1-March-2016,6788.87,6940.10,6763.23,6927.50,
2-March-2016,6993.72,7108.55,6979.56,6998.33,
3-March-2016,7072.28,7291.15,7064.04,7281.65,
4-March-2016,7316.07,7461.90,7256.72,7438.53,
8-March-2016,7543.60,7649.81,7506.97,7564.98,
9-March-2016,7446.67,7515.59,7393.80,7504.80,
10-March-2016,7557.85,7633.90,7512.46,7532.07,
11-March-2016,7530.28,7586.22,7429.93,7479.94,
14-March-2016,7319.57,7387.12,7313.12,7327.04,
15-March-2016,7344.08,7380.49,7295.43,7341.21,
16-March-2016,7342.09,7356.78,7209.82,7284.74,
17-March-2016,7373.23,7401.11,7260.83,7277.18,
18-March-2016,7334.49,7450.00,7322.53,7433.25,
21-March-2016,7452.06,7472.11,7397.96,7455.40,
22-March-2016,7477.92,7540.86,7410.83,7514.68,
23-March-2016,7528.39,7656.47,7528.39,7643.19,
28-March-2016,7664.67,7674.91,7312.89,7343.78,
29-March-2016,7350.38,7445.32,7327.48,7373.17,
30-March-2016,7451.11,7624.31,7418.63,7599.02,
31-March-2016,7658.73,7676.77,7497.95,7540.75,
1-April-2016,7538.26,7538.30,7435.44,7489.03,
4-April-2016,7501.64,7553.26,7480.24,7511.07,
5-April-2016,7485.20,7485.61,7281.63,7300.07,
6-April-2016,7327.36,7524.04,7323.16,7470.10,
7-April-2016,7496.93,7525.23,7432.45,7448.82,
8-April-2016,7451.89,7507.96,7409.49,7467.36,
11-April-2016,7471.71,7614.29,7460.43,7600.37,
12-April-2016,7556.94,7571.93,7478.38,7495.80,
13-April-2016,7577.48,7700.98,7563.28,7656.12,
18-April-2016,7666.04,7732.13,7595.29,7718.57,
20-April-2016,7771.25,8030.14,7771.25,8009.78,
21-April-2016,8060.47,8116.61,7996.11,8039.96,
22-April-2016,8059.39,8102.24,8001.22,8020.47,
25-April-2016,8024.00,8037.36,7874.67,7935.49,
26-April-2016,7940.78,8106.49,7925.25,8092.34,
27-April-2016,8113.21,8152.78,8066.40,8093.23,
28-April-2016,8108.72,8128.13,7892.74,7918.23,
29-April-2016,7906.69,8020.07,7833.45,7958.93,
2-May-2016,7962.51,8072.30,7904.70,8040.06,
3-May-2016,8068.76,8112.03,7902.23,7932.14,
4-May-2016,7886.72,7887.43,7636.32,7655.40,
5-May-2016,7636.27,7737.50,7596.96,7680.39,
6-May-2016,7651.15,7691.70,7587.98,7672.21,
9-May-2016,7700.13,7773.78,7674.84,7713.33,
10-May-2016,7689.15,7706.80,7611.75,7623.63,
11-May-2016,7491.08,7654.58,7479.39,7606.35,
12-May-2016,7636.25,7670.75,7590.18,7658.84,
13-May-2016,7596.22,7625.74,7488.76,7502.60,
16-May-2016,7502.94,7570.97,7469.38,7560.68,
17-May-2016,7593.34,7619.32,7545.51,7560.29,
18-May-2016,7545.38,7618.48,7492.68,7606.62,
19-May-2016,7606.40,7689.47,7467.90,7484.11,
20-May-2016,7494.95,7534.21,7445.48,7461.02,
23-May-2016,7493.54,7528.97,7422.00,7432.59,
24-May-2016,7430.93,7457.20,7340.26,7445.84,
25-May-2016,7502.20,7534.24,7474.83,7527.49,
26-May-2016,7510.89,7613.60,7499.73,7594.28,
27-May-2016,7615.59,7698.84,7607.20,7683.60,
30-May-2016,7825.42,7952.32,7824.92,7859.16,
31-May-2016,7890.01,7996.83,7781.56,7950.38,
1-June-2016,7977.16,7996.63,7888.13,7906.43,
2-June-2016,7901.41,8085.02,7883.12,8063.83,
3-June-2016,8125.04,8166.36,8043.08,8064.49,
6-June-2016,8060.49,8103.31,7985.23,8059.58,
7-June-2016,8080.13,8180.71,8064.43,8164.26,
8-June-2016,8179.71,8197.48,8123.45,8175.68,
9-June-2016,8180.07,8322.92,8173.42,8305.82,
10-June-2016,8319.75,8419.05,8267.15,8284.43,
13-June-2016,8208.00,8221.76,8136.51,8194.09,
14-June-2016,8215.23,8247.10,8175.41,8233.21,
15-June-2016,8281.12,8308.74,8191.12,8298.41,
16-June-2016,8280.97,8354.82,8211.05,8332.37,
17-June-2016,8366.97,8396.19,8319.14,8352.30,
20-June-2016,8301.86,8481.17,8287.42,8469.42,
21-June-2016,8495.47,8530.65,8437.78,8456.38,
22-June-2016,8480.26,8480.38,8373.15,8457.96,
23-June-2016,8475.90,8520.97,8407.78,8494.55,
24-June-2016,8155.61,8230.66,7934.95,8189.62,
27-June-2016,8165.25,8249.28,8111.69,8213.21,
28-June-2016,8229.98,8312.79,8222.08,8295.79,
29-June-2016,8330.22,8407.87,8330.22,8374.02,
30-June-2016,8451.57,8552.79,8430.11,8519.69,
1-July-2016,8568.43,8620.76,8562.30,8571.39,
4-July-2016,8599.90,8727.10,8599.90,8714.70,
5-July-2016,8719.72,8800.64,8691.44,8749.46,
7-July-2016,8804.58,8869.58,8669.35,8692.10,
8-July-2016,8688.38,8704.39,8593.90,8649.31,
11-July-2016,8743.06,8880.10,8743.06,8862.34,
12-July-2016,8910.02,9143.64,8874.32,9116.51,
13-July-2016,9156.59,9378.91,9140.62,9283.10,
14-July-2016,9304.92,9361.31,9210.36,9312.06,
15-July-2016,9338.05,9428.05,9298.79,9368.20,
18-July-2016,9401.40,9458.47,9227.05,9270.85,
19-July-2016,9281.71,9352.57,9217.46,9300.89,
20-July-2016,9327.63,9394.19,9310.50,9368.55,
21-July-2016,9375.57,9401.75,9290.50,9309.82,
22-July-2016,9307.56,9464.20,9214.23,9434.82,
25-July-2016,9444.30,9512.45,9373.84,9487.12,
26-July-2016,9510.79,9591.28,9447.62,9478.80,
27-July-2016,9487.39,9576.06,9378.05,9536.07,
28-July-2016,9528.96,9553.05,9432.99,9465.75,
29-July-2016,9504.18,9556.28,9393.35,9406.16,
1-August-2016,9469.43,9560.33,9383.48,9529.56,
2-August-2016,9533.07,9583.78,9339.61,9359.47,
3-August-2016,9416.81,9465.43,9334.27,9365.92,
4-August-2016,9443.56,9529.13,9373.64,9508.87,
5-August-2016,9567.98,9764.71,9565.92,9752.38,
8-August-2016,9800.19,9888.50,9786.74,9815.05,
9-August-2016,9834.74,9849.27,9709.07,9747.04,
10-August-2016,9786.63,9832.73,9627.26,9698.48,
11-August-2016,9693.55,9716.83,9521.98,9632.18,
12-August-2016,9662.98,9803.02,9653.62,9753.67,
16-August-2016,9750.05,9917.45,9733.79,9894.64,
17-August-2016,9887.91,10111.01,9883.81,10098.78,
18-August-2016,10135.95,10141.29,10023.89,10043.48,
19-August-2016,10085.79,10169.91,10021.69,10144.32,
22-August-2016,10115.81,10133.67,10021.66,10080.83,
23-August-2016,10080.54,10116.36,9930.95,10050.65,
24-August-2016,10067.00,10079.52,10006.48,10028.55,
25-August-2016,10040.38,10063.73,9855.40,9885.18,
26-August-2016,9897.21,9927.14,9824.24,9870.22,
29-August-2016,9861.50,9998.85,9832.91,9975.79,
30-August-2016,10016.70,10099.88,10011.55,10081.00,
31-August-2016,10085.71,10145.02,9902.62,9939.73,
1-September-2016,9942.81,10018.72,9906.58,9971.46,
2-September-2016,9973.71,10027.39,9854.81,9942.40,
6-September-2016,9943.01,10078.22,9943.01,10062.92,
7-September-2016,10098.01,10195.77,10076.84,10169.20,
8-September-2016,10197.93,10350.48,10186.61,10262.74,
9-September-2016,10257.48,10273.91,10060.07,10080.85,
12-September-2016,9913.81,9941.59,9612.27,9643.11,
14-September-2016,9595.34,9667.49,9504.58,9654.86,
15-September-2016,9691.96,9716.07,9556.85,9630.78,
16-September-2016,9672.05,9734.95,9463.52,9508.79,
19-September-2016,9499.03,9650.30,9487.79,9635.49,
20-September-2016,9636.29,9734.43,9594.87,9667.78,
21-September-2016,9681.10,9772.69,9655.66,9719.12,
22-September-2016,9887.67,9914.75,9765.13,9819.53,
23-September-2016,9841.10,9899.40,9805.27,9837.68,
26-September-2016,9845.28,9908.06,9799.84,9845.41,
27-September-2016,9876.36,9924.38,9764.42,9778.23,
28-September-2016,9796.52,10000.34,9791.60,9965.79,
29-September-2016,10020.87,10047.07,9603.80,9649.41,
30-September-2016,9586.55,9788.16,9578.18,9763.66,
3-October-2016,9808.90,10017.87,9804.42,10002.44,
4-October-2016,10076.59,10108.26,9954.81,10080.84,
5-October-2016,10161.57,10208.86,10115.22,10150.32,
6-October-2016,10192.12,10302.16,10089.55,10157.30,
7-October-2016,10185.52,10265.97,10088.22,10258.40,
10-October-2016,10320.07,10459.07,10320.07,10410.38,
13-October-2016,10381.84,10381.84,10070.98,10211.29,
14-October-2016,10246.20,10260.70,10140.65,10158.67,
17-October-2016,10160.70,10221.64,10027.00,10037.92,
18-October-2016,10084.38,10235.08,10079.68,10220.72,
19-October-2016,10256.12,10304.79,10197.08,10239.11,
20-October-2016,10304.00,10411.30,10292.31,10378.58,
21-October-2016,10383.11,10391.84,10243.67,10314.33,
24-October-2016,10334.53,10379.14,10296.55,10334.88,
25-October-2016,10290.64,10317.90,10203.06,10292.53,
26-October-2016,10254.45,10359.16,10107.89,10151.31,
27-October-2016,10070.79,10132.31,10024.84,10074.56,
28-October-2016,10122.54,10304.25,10098.27,10285.58,
30-October-2016,10355.14,10362.24,10286.89,10317.55,
1-November-2016,10330.26,10718.95,10319.86,10662.60,
2-November-2016,10528.28,10625.77,10458.75,10578.36,
3-November-2016,10551.70,10776.40,10490.67,10509.15,
4-November-2016,10533.96,10591.37,10160.24,10255.75,
7-November-2016,10374.48,10522.19,10374.42,10454.65,
8-November-2016,10495.11,10592.76,10437.58,10492.90,
9-November-2016,9918.75,10407.32,9630.22,10378.38,
10-November-2016,10530.02,11091.90,10530.02,11005.68,
11-November-2016,10826.89,10945.91,10742.76,10772.74,
15-November-2016,10727.61,10788.21,10224.06,10261.57,
16-November-2016,10352.03,10432.64,10083.77,10151.80,
17-November-2016,10173.63,10343.04,10133.63,10202.69,
18-November-2016,10215.58,10224.81,10016.00,10081.11,
21-November-2016,10092.07,10204.86,9731.52,9744.67,
22-November-2016,9823.91,10027.80,9819.68,10011.48,
23-November-2016,10101.10,10266.61,10079.33,10243.72,
24-November-2016,10214.20,10432.09,10156.87,10368.32,
25-November-2016,10425.17,10598.25,10417.81,10521.84,
28-November-2016,10526.07,10653.40,10486.00,10622.90,
29-November-2016,10672.66,10769.43,10585.17,10605.10,
30-November-2016,10599.04,10690.26,10484.49,10666.30,
1-December-2016,10711.50,10735.01,10455.88,10485.72,
2-December-2016,10452.37,10569.48,10351.78,10377.04,
5-December-2016,10405.59,10558.42,10361.40,10535.02,
6-December-2016,10568.29,10643.55,10541.46,10613.06,
7-December-2016,10646.53,10688.04,10530.62,10626.75,
8-December-2016,10724.63,10966.17,10724.63,10937.88,
9-December-2016,10995.49,10995.49,10876.57,10912.73,
12-December-2016,10900.44,10966.19,10853.24,10883.22,
13-December-2016,10874.83,10905.10,10723.43,10774.84,
14-December-2016,10687.77,10752.49,10577.48,10591.53,
15-December-2016,10502.66,10721.57,10468.19,10596.54,
16-December-2016,10641.25,10665.47,10417.55,10429.02,
19-December-2016,10440.06,10455.56,10333.47,10346.17,
20-December-2016,10364.54,10395.84,10201.48,10255.70,
21-December-2016,10290.54,10367.93,10232.81,10307.37,
22-December-2016,10301.79,10334.40,9986.63,10021.03,
23-December-2016,9987.30,10059.77,9900.71,9988.54,
26-December-2016,9962.86,9962.86,9671.77,9703.55,
27-December-2016,9683.58,9968.24,9619.72,9942.72,
28-December-2016,9964.24,10020.52,9902.14,9935.54,
29-December-2016,9921.30,10106.63,9920.36,10079.04,
30-December-2016,10097.93,10151.63,10070.27,10109.34,
2-January-2017,10127.93,10318.08,10075.73,10300.00,
3-January-2017,10352.74,10384.17,10288.35,10346.25,
4-January-2017,10379.09,10472.78,10320.01,10332.13,
5-January-2017,10392.43,10670.76,10392.43,10642.54,
6-January-2017,10690.22,10754.60,10600.73,10638.98,
9-January-2017,10692.19,10725.57,10603.05,10614.63,
10-January-2017,10626.16,10770.39,10602.32,10753.16,
11-January-2017,10806.77,11260.75,10798.29,11228.54,
12-January-2017,11286.88,11300.98,11091.48,11235.11,
13-January-2017,11295.06,11317.43,11140.12,11220.86,
16-January-2017,11261.76,11377.23,11176.71,11330.24,
17-January-2017,11363.35,11387.98,11137.24,11158.35,
18-January-2017,11192.99,11432.73,11178.00,11411.96,
19-January-2017,11433.03,11440.80,11308.33,11416.20,
20-January-2017,11410.82,11435.23,11101.80,11145.52,
23-January-2017,11150.91,11455.94,11148.23,11435.98,
24-January-2017,11473.07,11646.75,11469.32,11629.33,
25-January-2017,11687.49,11811.90,11665.21,11790.40,
27-January-2017,11813.44,11911.59,11721.77,11806.22,
30-January-2017,11777.12,11859.19,11668.66,11791.27,
31-January-2017,11777.45,11850.83,11640.65,11672.32,
1-February-2017,11701.30,11972.58,11574.21,11938.74,
2-February-2017,11946.79,12022.87,11773.24,11956.36,
3-February-2017,11969.57,12052.61,11811.72,11889.71,
6-February-2017,11949.94,12017.79,11829.27,11853.76,
7-February-2017,11873.16,11981.90,11628.72,11705.98,
8-February-2017,11830.05,11902.19,11704.93,11807.91,
9-February-2017,11821.14,11886.02,11601.49,11721.73,
10-February-2017,11792.45,11827.13,11646.07,11694.63,
13-February-2017,11692.90,11843.22,11672.64,11730.48,
14-February-2017,11769.82,11775.19,11524.27,11621.09,
15-February-2017,11623.86,11712.38,11402.65,11464.01,
16-February-2017,11482.07,11709.27,11349.44,11693.45,
17-February-2017,11734.59,11762.55,11582.38,11613.75,
20-February-2017,11626.79,11912.14,11540.08,11850.45,
21-February-2017,11882.79,12010.47,11873.22,11888.85,
22-February-2017,11953.18,11955.64,11790.88,11828.75,
23-February-2017,11805.04,11917.44,11777.88,11875.20,
27-February-2017,11885.71,11968.98,11824.62,11842.55,
28-February-2017,11849.40,11941.88,11833.97,11893.05,
1-March-2017,11929.64,12158.84,11924.02,12119.76,
2-March-2017,12210.73,12306.54,12010.50,12055.93,
3-March-2017,12046.97,12155.42,12010.27,12139.07,
6-March-2017,12174.13,12256.16,12058.07,12151.68,
7-March-2017,12176.62,12191.79,11907.10,11934.42,
8-March-2017,11970.28,11974.19,11664.27,11706.16,
9-March-2017,11685.80,11738.47,11605.71,11630.07,
10-March-2017,11667.80,11725.32,11513.11,11554.83,
14-March-2017,11663.83,11667.58,11488.41,11520.35,
15-March-2017,11559.45,11620.39,11507.95,11570.68,
16-March-2017,11641.86,11930.84,11641.86,11899.56,
17-March-2017,11974.27,12028.08,11820.23,11875.87,
20-March-2017,11889.37,11907.00,11757.15,11869.74,
21-March-2017,11883.90,11895.35,11764.38,11855.72,
22-March-2017,11751.08,11758.01,11635.69,11703.80,
23-March-2017,11778.22,11856.83,11755.23,11830.65,
24-March-2017,11874.07,11947.14,11836.11,11859.30,
27-March-2017,11820.67,11820.93,11531.12,11555.93,
28-March-2017,11598.09,11664.74,11578.71,11621.24,
29-March-2017,11668.06,11730.83,11616.40,11703.62,
30-March-2017,11737.52,11793.61,11644.16,11672.82,
31-March-2017,11697.90,11853.35,11693.98,11804.46,
3-April-2017,11833.09,11877.83,11802.70,11842.58,
5-April-2017,11898.68,12014.78,11896.86,11953.35,
6-April-2017,11943.20,12021.49,11794.99,12001.72,
7-April-2017,11996.32,12042.28,11817.36,11852.53,
10-April-2017,11878.73,11981.67,11853.93,11962.89,
11-April-2017,11874.86,11878.18,11731.48,11776.49,
12-April-2017,11819.97,11908.10,11681.41,11698.68,
13-April-2017,11698.52,11704.81,11346.58,11366.86,
17-April-2017,11342.15,11361.30,11216.75,11242.59,
18-April-2017,11258.21,11494.97,11016.35,11039.30,
19-April-2017,11006.92,11146.78,10897.92,11100.65,
20-April-2017,11139.46,11186.64,11055.32,11120.75,
21-April-2017,11217.17,11231.43,11014.70,11055.11,
24-April-2017,11079.57,11166.07,11004.75,11131.97,
25-April-2017,11187.48,11214.73,11099.59,11199.40,
26-April-2017,11241.53,11396.70,11158.11,11252.49,
27-April-2017,11284.15,11286.59,11123.26,11136.43,
28-April-2017,11149.03,11464.85,11105.66,11303.38,
2-May-2017,11361.76,11441.66,11201.25,11238.86,
3-May-2017,11264.60,11333.32,11133.41,11203.45,
4-May-2017,11307.86,11309.24,11040.55,11117.18,
5-May-2017,11126.22,11126.22,10775.32,10842.14,
8-May-2017,10896.83,10916.15,10736.11,10832.68,
9-May-2017,10847.93,11006.87,10817.10,10915.14,
10-May-2017,10970.97,11026.25,10926.85,11008.93,
11-May-2017,11131.67,11194.90,11069.90,11085.24,
12-May-2017,11122.59,11164.53,10976.59,11061.72,
15-May-2017,11128.70,11338.77,11115.37,11326.72,
16-May-2017,11439.50,11445.86,11249.72,11261.76,
17-May-2017,11361.20,11572.68,11331.28,11528.98,
18-May-2017,11455.13,11496.05,11184.15,11211.13,
19-May-2017,11273.05,11398.22,11049.83,11206.15,
22-May-2017,11270.50,11340.21,11121.15,11143.69,
23-May-2017,11167.32,11231.38,10868.90,11093.16,
24-May-2017,11130.43,11151.28,10823.86,10846.19,
25-May-2017,10886.84,11058.64,10827.79,11038.13,
26-May-2017,11057.62,11504.04,11033.26,11413.44,
29-May-2017,11455.24,11618.11,11344.07,11381.11,
30-May-2017,11314.30,11507.31,11265.47,11410.23,
31-May-2017,11419.98,11506.19,11223.70,11247.61,
1-June-2017,11282.99,11291.07,11088.93,11121.16,
2-June-2017,11177.76,11242.46,11046.14,11095.29,
5-June-2017,11131.39,11191.90,10993.36,11033.40,
6-June-2017,11062.87,11084.81,10965.08,11004.27,
7-June-2017,11083.23,11125.18,11045.72,11110.75,
8-June-2017,11211.89,11306.75,11174.82,11191.30,
9-June-2017,11235.60,11415.00,11156.75,11391.32,
12-June-2017,11382.03,11489.05,11299.53,11346.95,
13-June-2017,11377.00,11393.08,11234.55,11252.77,
14-June-2017,11253.65,11265.69,11103.83,11170.82,
15-June-2017,11146.83,11219.11,11092.68,11128.11,
16-June-2017,11143.33,11206.87,11095.71,11115.61,
19-June-2017,11192.83,11340.64,11160.02,11325.18,
20-June-2017,11369.26,11384.07,11293.14,11343.17,
21-June-2017,11320.17,11328.68,11189.59,11207.23,
22-June-2017,11240.78,11291.40,11024.46,11055.59,
23-June-2017,11056.72,11061.55,10844.58,10986.52,
27-June-2017,11026.84,11042.27,10871.70,10961.88,
28-June-2017,10997.52,11164.57,10940.53,11139.01,
29-June-2017,11211.20,11411.76,11205.77,11378.87,
30-June-2017,11378.67,11462.38,11288.37,11374.12,
3-July-2017,11400.00,11609.72,11395.77,11584.94,
4-July-2017,11630.56,11719.55,11554.55,11591.49,
5-July-2017,11648.61,11754.34,11589.43,11735.42,
6-July-2017,11769.98,11830.70,11725.23,11773.03,
7-July-2017,11768.99,11841.04,11717.48,11762.02,
10-July-2017,11782.14,11957.05,11782.14,11929.77,
11-July-2017,11957.83,11996.08,11848.03,11860.01,
12-July-2017,11902.08,11951.69,11839.45,11912.47,
13-July-2017,12001.61,12013.65,11837.22,12005.43,
14-July-2017,12037.66,12051.72,11906.58,11962.59,
17-July-2017,11993.74,12099.99,11984.16,12079.02,
18-July-2017,12073.62,12160.21,12025.81,12064.59,
19-July-2017,12062.32,12327.64,12062.32,12299.66,
20-July-2017,12267.16,12281.14,12148.56,12181.17,
21-July-2017,12197.24,12239.24,11976.34,12187.53,
24-July-2017,12197.80,12219.31,12089.16,12117.25,
25-July-2017,12154.20,12314.08,12131.56,12290.50,
26-July-2017,12401.47,12529.24,12374.25,12504.07,
27-July-2017,12566.55,12576.07,12367.98,12392.24,
28-July-2017,12358.12,12358.12,12140.51,12219.78,
31-July-2017,12228.42,12455.42,12228.42,12425.99,
1-August-2017,12476.60,12570.71,12476.60,12552.83,
2-August-2017,12568.16,12570.00,12401.91,12506.18,
3-August-2017,12538.29,12538.29,12253.81,12296.49,
4-August-2017,12244.20,12636.36,12237.28,12603.39,
7-August-2017,12638.74,12773.08,12636.72,12748.80,
8-August-2017,12878.69,13146.34,12852.01,12956.61,
9-August-2017,12969.66,13145.07,12881.61,12926.18,
10-August-2017,12919.28,13019.61,12584.19,12742.45,
11-August-2017,12598.46,12660.45,12196.40,12279.90,
14-August-2017,12437.06,12766.44,12426.19,12713.39,
16-August-2017,12768.30,12966.21,12655.46,12931.97,
17-August-2017,13023.78,13233.65,13016.00,13036.38,
18-August-2017,12987.39,13034.68,12858.09,12941.50,
21-August-2017,13046.87,13225.58,12739.93,12755.87,
22-August-2017,12885.37,12977.00,12722.51,12763.54,
23-August-2017,12842.68,13013.36,12729.23,12994.72,
24-August-2017,13059.02,13112.46,12962.27,13054.54,
28-August-2017,13088.35,13136.71,13041.42,13094.42,
29-August-2017,13044.89,13160.28,12911.78,12950.49,
30-August-2017,13052.63,13309.71,13052.63,13292.89,
31-August-2017,13322.00,13330.69,13164.48,13284.05,
1-September-2017,13307.81,13550.07,13307.81,13531.47,
4-September-2017,13525.18,13660.05,13337.79,13566.73,
5-September-2017,13625.03,13713.46,13533.18,13670.16,
6-September-2017,13535.06,13797.05,13522.07,13761.92,
7-September-2017,13843.77,13976.02,13779.17,13955.71,
8-September-2017,13992.26,14167.17,13886.60,13956.79,
11-September-2017,14007.82,14121.70,13915.08,14048.55,
12-September-2017,14118.24,14295.75,14113.84,14189.79,
13-September-2017,14176.57,14230.16,13987.45,14030.98,
14-September-2017,14013.51,14162.82,13848.69,13936.40,
15-September-2017,13822.78,14011.31,13763.56,13976.15,
18-September-2017,13982.57,14118.63,13982.57,14067.46,
19-September-2017,14071.50,14114.91,13949.05,13986.36,
20-September-2017,14000.24,14081.08,13909.44,13982.38,
21-September-2017,14017.78,14045.01,13669.14,13892.36,
22-September-2017,13839.75,13839.75,13291.23,13338.10,
25-September-2017,13332.69,13339.63,12852.26,13174.37,
26-September-2017,13172.57,13530.80,13154.44,13502.11,
27-September-2017,13574.57,13582.26,13199.02,13290.24,
28-September-2017,13296.33,13477.14,13223.30,13381.20,
29-September-2017,13448.90,13648.55,13443.56,13563.90,
3-October-2017,13709.33,13797.61,13620.79,13723.39,
4-October-2017,13716.00,13766.79,13651.24,13690.28,
5-October-2017,13699.33,13805.21,13684.71,13730.65,
6-October-2017,13781.30,14186.77,13781.30,14161.70,
9-October-2017,14174.76,14311.63,14134.72,14190.00,
10-October-2017,14260.13,14306.12,14079.70,14190.16,
11-October-2017,14250.98,14305.51,13867.71,13987.53,
12-October-2017,14000.81,14285.12,13952.53,14253.69,
13-October-2017,14301.37,14508.58,14299.59,14421.03,
16-October-2017,14473.13,14728.64,14473.13,14712.37,
17-October-2017,14764.23,14775.86,14638.96,14748.51,
18-October-2017,14800.95,14810.01,14645.37,14674.03,
19-October-2017,14723.18,14742.91,14497.92,14541.84,
23-October-2017,14590.03,14728.05,14540.81,14609.84,
24-October-2017,14644.93,14854.45,14630.97,14689.91,
25-October-2017,14749.20,14829.43,14560.44,14734.05,
26-October-2017,14752.22,15074.63,14745.00,15039.39,
27-October-2017,15106.23,15158.37,14952.45,15020.98,
30-October-2017,15041.58,15156.99,14980.26,14994.80,
31-October-2017,14956.36,15032.61,14663.85,14730.27,
1-November-2017,14814.13,15035.38,14814.13,15008.23,
2-November-2017,15018.07,15019.05,14851.04,14963.50,
3-November-2017,15032.10,15118.94,14866.52,14943.81,
6-November-2017,14950.92,15060.21,14760.96,14988.63,
7-November-2017,15053.58,15084.12,14668.94,14742.92,
8-November-2017,14743.73,14826.21,14425.23,14514.00,
9-November-2017,14565.55,14674.04,14410.65,14583.59,
10-November-2017,14575.12,14748.48,14446.12,14633.62,
13-November-2017,14684.56,14702.81,14337.17,14364.34,
14-November-2017,14310.34,14464.64,14248.79,14274.15,
15-November-2017,14197.53,14203.90,13759.64,13839.75,
16-November-2017,13826.02,14035.56,13784.55,13997.07,
17-November-2017,14114.98,14386.11,14114.60,14248.56,
20-November-2017,14223.26,14458.96,14098.10,14438.24,
21-November-2017,14497.86,14599.74,14383.66,14459.02,
22-November-2017,14448.72,14544.58,14309.94,14363.82,
23-November-2017,14376.14,14483.07,14164.79,14314.29,
24-November-2017,14349.67,14353.26,14192.20,14228.94,
27-November-2017,14185.55,14239.18,14074.66,14136.51,
28-November-2017,14128.91,14284.04,14051.12,14134.29,
29-November-2017,14162.96,14198.06,14021.20,14056.65,
30-November-2017,14007.22,14041.53,13850.36,13902.30,
1-December-2017,13965.47,13970.94,13624.30,13659.44,
4-December-2017,13714.65,13839.59,13621.97,13728.29,
5-December-2017,13699.94,13737.75,13503.75,13611.15,
6-December-2017,13479.78,13490.00,13291.13,13334.28,
7-December-2017,13348.92,13604.89,13333.79,13578.52,
8-December-2017,13627.95,13907.57,13627.95,13762.99,
11-December-2017,13834.34,13869.23,13672.42,13782.69,
12-December-2017,13802.71,13991.93,13664.21,13678.92,
13-December-2017,13699.68,13710.64,13376.73,13449.76,
14-December-2017,13483.24,13554.74,13318.27,13488.47,
15-December-2017,13709.12,13897.95,13679.34,13868.38,
18-December-2017,13857.39,14310.27,13430.29,14122.83,
19-December-2017,14257.59,14358.63,14185.59,14333.19,
20-December-2017,14433.04,14527.80,14266.92,14440.56,
21-December-2017,14447.46,14575.30,14432.14,14536.56,
22-December-2017,14591.74,14600.57,14444.67,14527.90,
26-December-2017,14556.99,14727.73,14555.00,14706.53,
27-December-2017,14747.60,14815.28,14609.26,14705.13,
28-December-2017,14772.07,15071.31,14771.25,15005.40,
29-December-2017,15063.48,15111.76,14845.54,14939.28,
1-January-2018,14987.13,15092.97,14828.64,14861.39,
2-January-2018,14861.37,14993.80,14684.20,14955.61,
3-January-2018,15024.63,15223.75,15024.63,15157.77,
4-January-2018,15220.91,15624.96,15127.19,15578.33,
5-January-2018,15631.25,15847.35,15607.05,15650.33,
8-January-2018,15722.16,15819.86,15631.71,15773.18,
9-January-2018,15865.03,15937.20,15735.01,15772.44,
10-January-2018,15828.42,15951.39,15682.96,15788.34,
11-January-2018,15805.29,15835.41,15710.06,15775.33,
12-January-2018,15812.07,15941.00,15703.24,15845.66,
15-January-2018,15932.97,16120.79,15833.99,15880.55,
16-January-2018,15883.57,15926.37,15354.10,15431.44,
17-January-2018,15446.38,15618.08,15168.02,15574.36,
18-January-2018,15622.66,15646.52,15004.13,15127.03,
19-January-2018,15155.06,15300.69,14991.65,15264.51,
22-January-2018,15295.69,15314.74,15071.44,15139.38,
23-January-2018,15215.60,15985.59,15213.91,15788.74,
24-January-2018,15793.68,15793.68,15504.12,15551.91,
25-January-2018,15534.76,15877.85,15527.89,15682.99,
29-January-2018,15736.25,16008.80,15654.19,15721.08,
30-January-2018,15662.47,15698.10,15517.33,15622.22,
31-January-2018,15597.27,15744.59,15354.56,15427.36,
1-February-2018,15513.80,15605.80,15031.28,15465.45,
2-February-2018,15344.79,15505.35,14909.14,15011.79,
5-February-2018,14820.19,15053.02,14423.73,14928.36,
6-February-2018,14295.77,14925.05,14198.99,14689.09,
7-February-2018,14812.43,15030.45,14648.46,14714.73,
8-February-2018,14687.86,15036.37,14577.89,14913.70,
9-February-2018,14644.71,15165.71,14583.03,15100.57,
12-February-2018,15360.93,15382.92,15219.60,15253.46,
14-February-2018,15386.07,15454.33,15181.85,15256.96,
15-February-2018,15353.56,15598.52,15299.62,15366.96,
16-February-2018,15510.78,15550.44,15016.32,15124.21,
19-February-2018,15172.80,15213.38,14649.94,14882.69,
20-February-2018,14941.35,15168.93,14888.39,15059.27,
21-February-2018,15148.54,15181.83,14732.92,14867.42,
22-February-2018,14829.74,14951.91,14688.05,14857.94,
23-February-2018,14895.16,15364.43,14876.27,15327.90,
26-February-2018,15387.53,15570.28,15382.15,15482.80,
27-February-2018,15524.04,15593.32,15310.40,15360.33,
28-February-2018,15227.50,15258.58,15097.28,15173.80,
1-March-2018,15154.91,15347.85,14989.42,15030.13,
5-March-2018,14865.65,14865.65,14459.85,14534.31,
6-March-2018,14696.54,14910.01,14447.54,14509.87,
7-March-2018,14405.95,14451.46,14218.54,14339.50,
8-March-2018,14481.78,14568.58,14101.00,14274.49,
9-March-2018,14338.77,14442.32,13954.51,13996.90,
12-March-2018,14103.87,14363.69,14026.65,14322.20,
13-March-2018,14265.55,14442.45,14132.98,14392.61,
14-March-2018,14327.45,14416.61,14234.24,14323.30,
15-March-2018,14327.03,14373.51,14200.31,14246.09,
16-March-2018,14146.74,14163.96,13853.85,13918.65,
19-March-2018,13948.26,13948.26,13474.84,13550.30,
20-March-2018,13202.89,13601.24,13171.28,13488.80,
21-March-2018,13551.94,13635.11,13351.61,13416.07,
22-March-2018,13437.95,13558.91,13352.43,13465.46,
23-March-2018,13083.32,13176.34,12942.51,13076.95,
26-March-2018,13077.94,13463.13,12949.26,13374.05,
27-March-2018,13523.08,13642.88,13454.11,13598.78,
28-March-2018,13477.12,13504.58,13272.79,13322.03,
2-April-2018,13414.06,13451.59,13268.16,13414.63,
3-April-2018,13310.16,13507.06,13257.98,13480.41,
4-April-2018,13515.30,13623.61,13055.48,13109.93,
5-April-2018,13343.61,13675.56,13343.61,13653.13,
6-April-2018,13518.38,13675.65,13493.40,13631.13,
9-April-2018,13647.79,13824.51,13621.12,13656.55,
10-April-2018,13861.37,13970.92,13810.42,13929.23,
11-April-2018,14098.22,14184.17,14017.09,14155.56,
12-April-2018,14150.63,14159.34,13920.24,13956.37,
13-April-2018,14011.18,14169.34,13993.30,14095.94,
16-April-2018,14054.09,14132.10,13975.42,14095.57,
17-April-2018,14177.11,14305.88,14087.09,14130.49,
18-April-2018,14185.98,14255.37,14093.66,14195.75,
19-April-2018,14350.08,14927.38,14336.77,14828.33,
20-April-2018,14664.80,14771.03,14506.93,14731.96,
23-April-2018,14764.29,14798.52,14570.53,14598.92,
24-April-2018,14245.20,14377.46,14106.47,14333.37,
25-April-2018,14289.37,14316.24,14087.24,14128.14,
26-April-2018,14165.80,14275.27,14057.43,14144.87,
27-April-2018,14156.94,14305.95,14149.61,14231.55,
30-April-2018,14256.52,14436.80,14154.86,14276.91,
2-May-2018,14255.88,14260.55,13759.09,13791.32,
3-May-2018,13784.41,13935.11,13657.34,13901.17,
4-May-2018,13937.30,13941.30,13731.42,13755.25,
7-May-2018,13836.03,13998.63,13755.29,13986.65,
8-May-2018,14016.31,14089.50,13871.18,13964.66,
9-May-2018,13968.33,14183.37,13959.39,13979.45,
10-May-2018,14016.00,14050.92,13784.47,13834.46,
11-May-2018,13943.77,14069.75,13818.61,14050.72,
14-May-2018,14058.90,14131.81,13959.52,14023.66,
15-May-2018,14021.99,14324.44,14006.93,14053.78,
16-May-2018,14068.09,14163.69,13908.25,14027.68,
17-May-2018,14160.46,14174.31,13809.43,13944.61,
18-May-2018,13970.66,14034.12,13592.76,13615.47,
21-May-2018,13551.03,13719.77,13351.04,13399.59,
22-May-2018,13389.89,13633.89,13296.02,13610.91,
23-May-2018,13540.65,13540.65,13040.50,13076.64,
24-May-2018,13101.77,13263.95,12941.76,13207.47,
25-May-2018,13230.20,13549.74,13150.73,13498.31,
28-May-2018,13580.90,13675.61,13485.70,13626.23,
29-May-2018,13500.89,13743.11,13426.22,13637.91,
30-May-2018,13485.30,13692.83,13424.78,13659.01,
31-May-2018,13723.60,13826.06,13568.76,13612.08,
1-June-2018,13570.98,13806.96,13428.68,13506.00,
4-June-2018,13560.50,13596.30,13476.66,13537.70,
5-June-2018,13495.36,13559.47,13346.18,13484.95,
6-June-2018,13507.78,13740.85,13457.90,13716.95,
7-June-2018,13781.57,14048.45,13781.57,13913.96,
8-June-2018,13866.20,13957.52,13727.41,13853.82,
11-June-2018,13878.49,13967.60,13781.73,13805.59,
12-June-2018,13798.11,13830.79,13681.92,13728.74,
13-June-2018,13762.87,13790.45,13655.86,13676.33,
14-June-2018,13645.72,13769.82,13567.44,13615.12,
15-June-2018,13672.36,13680.42,13329.72,13406.34,
18-June-2018,13381.71,13381.71,13024.43,13175.12,
19-June-2018,13113.24,13208.87,12870.21,12952.41,
20-June-2018,12957.21,13117.77,12956.61,13093.12,
21-June-2018,13140.01,13148.71,12929.23,12964.22,
22-June-2018,12945.17,13025.54,12869.59,12994.22,
25-June-2018,12969.02,13130.66,12832.51,12867.02,
26-June-2018,12810.12,12955.98,12731.45,12830.34,
27-June-2018,12854.04,12964.41,12628.99,12683.85,
28-June-2018,12649.00,12786.15,12593.53,12706.71,
29-June-2018,12719.89,13094.06,12719.15,13064.49,
2-July-2018,13127.93,13130.20,12644.05,12829.41,
3-July-2018,12798.66,12887.07,12658.02,12794.82,
4-July-2018,12752.26,12847.10,12610.50,12791.06,
5-July-2018,12790.20,12790.20,12551.22,12611.34,
6-July-2018,12593.70,12796.43,12431.52,12620.30,
9-July-2018,12757.43,12852.98,12716.66,12776.29,
10-July-2018,12807.33,13008.19,12798.90,12978.55,
11-July-2018,12912.38,12917.00,12548.53,12576.68,
12-July-2018,12626.00,12804.04,12495.83,12511.64,
13-July-2018,12583.91,12598.28,12424.12,12470.90,
16-July-2018,12501.47,12515.08,11982.89,12009.82,
17-July-2018,12028.47,12302.22,11895.43,12238.98,
18-July-2018,12292.25,12319.66,11818.46,11857.27,
19-July-2018,11893.29,12044.42,11679.77,11795.46,
20-July-2018,11811.39,11818.59,11622.80,11730.53,
23-July-2018,11759.68,11968.05,11645.86,11920.56,
24-July-2018,11929.95,12314.78,11903.48,12263.26,
25-July-2018,12334.93,12487.35,12302.58,12363.47,
26-July-2018,12417.09,12457.85,12258.82,12278.88,
27-July-2018,12321.05,12559.95,12321.05,12511.06,
30-July-2018,12625.12,12658.75,12509.46,12599.55,
31-July-2018,12663.34,12699.15,12452.70,12659.62,
1-August-2018,12665.37,12809.06,12498.94,12580.66,
2-August-2018,12612.24,12706.71,12388.12,12614.68,
3-August-2018,12655.44,12837.20,12645.24,12803.28,
6-August-2018,12887.07,12973.30,12847.11,12901.93,
7-August-2018,12973.40,13133.35,12844.60,13065.40,
8-August-2018,13216.49,13231.27,13050.12,13104.16,
9-August-2018,13155.74,13319.04,13076.71,13284.06,
10-August-2018,13339.93,13348.00,12983.39,13017.54,
13-August-2018,12988.50,13063.89,12822.89,12915.55,
14-August-2018,13013.18,13069.28,12869.24,12945.80,
16-August-2018,12789.97,12790.46,12641.56,12662.97,
17-August-2018,12774.46,12953.28,12769.84,12879.40,
20-August-2018,12956.48,13226.20,12949.64,13211.76,
21-August-2018,13280.68,13305.71,13128.04,13157.26,
23-August-2018,13181.78,13182.54,12901.50,12955.04,
24-August-2018,12911.48,13219.64,12869.65,13204.34,
27-August-2018,13346.55,13478.35,13324.98,13396.29,
28-August-2018,13481.88,13675.97,13410.78,13649.17,
29-August-2018,13726.64,13979.32,13688.74,13800.21,
30-August-2018,13837.86,13997.72,13787.45,13908.42,
31-August-2018,13923.60,13986.69,13766.33,13821.31,
3-September-2018,13866.68,14004.55,13821.00,13856.68,
4-September-2018,13908.25,13925.00,13552.28,13594.37,
5-September-2018,13578.13,13784.05,13424.15,13747.38,
6-September-2018,13857.47,13874.58,13657.67,13776.08,
7-September-2018,13790.94,14098.13,13736.69,14045.47,
10-September-2018,14132.26,14159.76,13763.48,13800.97,
11-September-2018,13880.51,13898.77,13507.67,13572.43,
12-September-2018,13629.15,13815.05,13446.88,13779.01,
14-September-2018,13879.68,14136.29,13879.68,14090.53,
17-September-2018,14048.86,14163.91,13917.37,14049.59,
18-September-2018,14087.18,14146.13,13788.52,13840.59,
19-September-2018,13929.26,14147.46,13929.26,14014.24,
21-September-2018,14128.68,14349.01,13385.41,13955.68,
24-September-2018,13958.64,14160.81,13748.59,13804.18,
25-September-2018,13844.58,13871.72,13525.68,13821.66,
26-September-2018,13935.78,14133.96,13783.65,14060.68,
27-September-2018,14129.31,14188.86,13902.21,13979.59,
28-September-2018,14069.90,14069.90,13227.39,13278.79,
1-October-2018,13268.22,13494.40,12958.03,13459.22,
3-October-2018,13452.99,13909.37,13376.53,13693.96,
4-October-2018,13662.18,13845.03,13526.10,13617.56,
5-October-2018,13630.38,13641.09,13009.43,13147.30,
8-October-2018,13011.92,13101.33,12296.42,12728.82,
9-October-2018,12782.40,13062.19,12708.20,12857.27,
10-October-2018,12944.13,13173.68,12902.60,13099.31,
11-October-2018,12776.11,12869.95,12498.94,12605.80,
12-October-2018,12717.49,13123.81,12714.42,13088.54,
15-October-2018,13241.13,13241.13,12931.67,13041.07,
16-October-2018,13060.01,13230.08,13036.19,13069.04,
17-October-2018,13201.29,13221.70,12779.66,12803.08,
19-October-2018,12781.40,12963.53,12553.94,12816.44,
22-October-2018,12922.00,12977.91,12656.50,12722.55,
23-October-2018,12660.97,12778.99,12519.99,12634.49,
24-October-2018,12776.09,12805.67,12591.30,12765.93,
25-October-2018,12659.84,12669.95,12439.75,12620.61,
26-October-2018,12678.20,12680.45,12329.40,12526.58,
29-October-2018,12610.20,12889.03,12467.52,12858.65,
30-October-2018,12931.29,12933.65,12677.50,12702.91,
31-October-2018,12587.63,12610.36,12251.33,12524.55,
1-November-2018,12589.52,12740.88,12513.68,12686.51,
2-November-2018,12779.96,13190.14,12760.99,13071.93,
5-November-2018,13116.23,13238.44,12973.41,13091.38,
6-November-2018,12996.03,13056.17,12800.57,12899.04,
7-November-2018,13034.75,13035.01,12962.92,12993.60,
9-November-2018,13026.52,13026.52,12845.33,12863.10,
12-November-2018,12877.06,12983.27,12665.99,12692.44,
13-November-2018,12740.51,12810.67,12612.33,12789.61,
14-November-2018,12915.61,12939.64,12637.22,12685.61,
15-November-2018,12719.04,12845.96,12579.55,12769.63,
16-November-2018,12810.80,12811.90,12534.75,12567.11,
19-November-2018,12617.50,12754.38,12615.13,12713.27,
20-November-2018,12683.97,12689.29,12333.87,12354.51,
21-November-2018,12364.20,12364.20,12205.99,12257.56,
22-November-2018,12288.32,12309.69,12010.93,12031.52,
26-November-2018,12115.57,12131.28,11677.37,11870.90,
27-November-2018,11846.58,11934.54,11567.71,11775.81,
28-November-2018,11839.62,11851.97,11633.17,11657.57,
29-November-2018,11808.12,11935.95,11758.48,11892.03,
30-November-2018,11956.68,11957.05,11756.06,11831.86,
3-December-2018,12039.81,12216.51,12039.81,12084.91,
4-December-2018,12081.97,12142.69,12005.94,12118.85,
5-December-2018,11976.01,11995.21,11587.04,11657.31,
6-December-2018,11590.13,11673.00,11380.32,11539.32,
7-December-2018,11629.55,11646.34,11382.79,11478.84,
10-December-2018,11312.66,11448.48,11209.87,11353.09,
11-December-2018,11219.05,11466.83,11173.46,11430.54,
12-December-2018,11484.27,11743.03,11464.98,11719.44,
13-December-2018,11846.35,11859.38,11569.94,11642.24,
14-December-2018,11611.27,11725.46,11538.65,11634.58,
17-December-2018,11803.20,11897.55,11774.88,11871.28,
18-December-2018,11895.16,12008.61,11827.39,11978.41,
19-December-2018,11994.73,12062.12,11945.78,12027.43,
20-December-2018,11928.64,11941.28,11826.03,11895.72,
21-December-2018,11926.78,12010.73,11806.47,11831.79,
24-December-2018,11842.55,11891.66,11558.24,11575.78,
26-December-2018,11532.02,11657.68,11425.74,11609.96,
27-December-2018,11703.00,11782.13,11540.04,11574.41,
28-December-2018,11553.91,11709.44,11550.75,11672.63,
31-December-2018,11761.36,11886.66,11753.56,11839.59,
1-January-2019,11887.17,11895.31,11710.20,11752.01,
2-January-2019,11608.64,11617.22,11314.37,11346.62,
3-January-2019,11383.82,11383.82,11069.20,11080.41,
4-January-2019,11061.62,11287.27,11043.38,11240.18,
7-January-2019,11389.88,11455.81,11208.09,11221.59,
8-January-2019,11228.20,11324.62,11198.99,11286.82,
9-January-2019,11324.60,11361.96,11062.58,11149.74,
10-January-2019,11167.70,11207.37,11097.45,11133.64,
11-January-2019,11155.77,11259.67,11096.06,11133.37,
14-January-2019,11157.99,11158.58,10974.81,11006.16,
15-January-2019,11025.88,11206.31,11002.15,11191.94,
16-January-2019,11261.45,11267.29,11100.40,11116.15,
17-January-2019,11152.97,11172.72,11048.76,11101.10,
18-January-2019,11127.87,11174.75,11023.41,11080.32,
21-January-2019,11110.18,11156.98,11025.38,11046.76,
22-January-2019,11064.29,11064.29,10735.66,10791.98,
23-January-2019,10798.81,10957.82,10779.21,10860.37,
24-January-2019,10859.88,10885.03,10744.02,10852.90,
25-January-2019,10878.04,10966.25,10696.33,10735.51,
28-January-2019,10752.86,10758.69,10516.20,10596.90,
29-January-2019,10612.71,10678.32,10511.56,10614.66,
30-January-2019,10627.94,10856.61,10623.59,10814.76,
31-January-2019,10888.55,10978.35,10793.81,10958.60,
1-February-2019,10796.21,10796.21,10405.38,10542.63,
4-February-2019,10552.29,10563.34,10253.09,10471.62,
5-February-2019,10476.41,10520.34,10310.21,10380.27,
6-February-2019,10413.28,10662.15,10275.27,10633.06,
7-February-2019,10641.46,10712.08,10530.61,10629.64,
8-February-2019,10593.87,10601.06,10234.72,10266.29,
11-February-2019,10279.74,10331.34,10018.47,10208.19,
12-February-2019,10232.25,10520.29,10170.95,10376.79,
13-February-2019,10434.00,10474.13,10234.80,10270.71,
14-February-2019,10243.45,10279.70,10045.57,10252.30,
15-February-2019,10259.05,10275.59,9937.71,10014.34,
18-February-2019,10052.62,10106.72,9926.45,9936.48,
19-February-2019,9956.77,10211.53,9949.97,10079.73,
20-February-2019,10139.67,10415.81,10122.19,10381.34,
21-February-2019,10434.74,10541.81,10369.96,10499.49,
22-February-2019,10500.07,10688.70,10412.77,10669.97,
25-February-2019,10699.45,10795.06,10615.70,10709.99,
26-February-2019,10550.91,10769.49,10419.97,10717.52,
27-February-2019,10768.15,10858.53,10606.19,10672.40,
28-February-2019,10733.23,10846.11,10672.10,10766.55,
1-March-2019,10859.35,10959.53,10857.88,10935.23,
5-March-2019,10981.67,11231.45,10926.85,11210.38,
6-March-2019,11322.10,11354.61,11237.17,11284.11,
7-March-2019,11328.50,11329.87,11134.45,11201.04,
8-March-2019,11151.75,11151.75,10996.96,11025.33,
11-March-2019,11053.18,11320.10,11049.58,11300.63,
12-March-2019,11379.73,11447.37,11328.31,11355.83,
13-March-2019,11389.71,11389.71,11117.17,11144.18,
14-March-2019,11184.07,11283.53,11130.62,11213.23,
15-March-2019,11183.71,11245.88,11100.87,11224.21,
18-March-2019,11271.30,11327.28,11159.88,11312.88,
19-March-2019,11342.01,11413.78,11257.90,11300.30,
20-March-2019,11307.65,11338.67,11161.97,11185.09,
22-March-2019,11145.81,11252.91,11107.59,11151.85,
25-March-2019,11069.05,11073.29,10910.12,11006.81,
26-March-2019,11014.71,11156.36,11012.58,11128.69,
27-March-2019,11148.49,11227.95,11085.27,11134.68,
28-March-2019,11164.87,11164.87,11081.13,11096.08,
29-March-2019,11144.43,11409.89,11144.43,11355.12,
1-April-2019,11495.80,11755.92,11495.80,11592.61,
2-April-2019,11682.45,11685.38,11481.87,11545.99,
3-April-2019,11621.93,11724.00,11509.27,11534.16,
4-April-2019,11501.85,11551.59,11401.27,11475.99,
5-April-2019,11506.24,11737.64,11487.93,11708.93,
8-April-2019,11772.57,11837.72,11566.82,11605.13,
9-April-2019,11622.95,11738.96,11478.95,11717.19,
10-April-2019,11706.16,11802.92,11579.60,11598.42,
11-April-2019,11586.65,11618.19,11421.49,11461.81,
12-April-2019,11480.69,11524.64,11393.50,11467.33,
15-April-2019,11509.34,11773.36,11509.34,11724.77,
16-April-2019,11756.97,11859.38,11733.32,11751.56,
18-April-2019,11774.62,11790.90,11503.85,11601.42,
22-April-2019,11583.03,11621.08,11365.99,11388.36,
23-April-2019,11385.16,11471.79,11308.29,11326.71,
24-April-2019,11345.31,11381.70,11201.84,11352.98,
25-April-2019,11352.99,11401.24,11114.97,11135.84,
26-April-2019,11205.50,11447.09,11171.82,11349.70,
30-April-2019,11375.45,11549.03,11169.50,11513.24,
2-May-2019,11518.88,11594.50,11427.87,11512.01,
3-May-2019,11497.21,11556.59,11444.50,11494.36,
6-May-2019,11297.86,11319.29,11206.49,11255.86,
7-May-2019,11284.68,11416.91,11083.16,11115.56,
8-May-2019,11054.30,11154.87,10986.94,11032.73,
9-May-2019,11026.33,11083.23,10827.83,10868.53,
10-May-2019,10919.88,10976.04,10625.27,10701.18,
13-May-2019,10646.86,10673.79,10420.38,10482.48,
14-May-2019,10426.76,10614.75,10370.30,10560.44,
15-May-2019,10587.61,10664.00,10273.45,10341.31,
16-May-2019,10373.13,10511.37,10279.85,10478.85,
17-May-2019,10444.38,10511.31,10348.45,10459.50,
20-May-2019,10692.82,10915.02,10645.31,10804.71,
21-May-2019,10844.10,10860.87,10581.22,10636.82,
22-May-2019,10670.82,10719.52,10518.04,10654.84,
23-May-2019,10811.56,10828.13,10444.20,10487.84,
24-May-2019,10541.77,10819.60,10409.44,10789.93,
27-May-2019,10791.54,11063.75,10724.96,11028.76,
28-May-2019,11050.33,11242.13,11044.48,11133.62,
29-May-2019,11149.21,11149.21,10882.45,10914.50,
30-May-2019,10958.84,10958.84,10838.13,10873.19,
31-May-2019,10969.44,11009.67,10667.30,10756.40,
3-June-2019,10764.11,10958.52,10704.99,10946.88,
4-June-2019,10956.17,11039.44,10905.77,10977.62,
6-June-2019,10981.92,11015.27,10791.92,10833.41,
7-June-2019,10849.69,10948.96,10726.90,10778.60,
10-June-2019,10904.85,10964.12,10740.82,10825.63,
11-June-2019,10881.48,10988.70,10794.48,10969.88,
12-June-2019,10983.62,11155.71,10934.82,11022.94,
13-June-2019,11024.61,11024.61,10836.08,10999.50,
14-June-2019,11006.47,11075.88,10888.78,10956.44,
17-June-2019,10940.38,10946.52,10600.88,10622.48,
18-June-2019,10631.82,10745.22,10540.88,10675.92,
19-June-2019,10772.58,10914.09,10619.79,10734.85,
20-June-2019,10747.56,10952.48,10667.02,10937.21,
21-June-2019,10934.57,10979.83,10870.24,10910.60,
24-June-2019,10915.75,10975.95,10732.98,10753.99,
25-June-2019,10699.27,10965.15,10609.30,10949.33,
26-June-2019,10874.89,11291.90,10858.59,11264.38,
27-June-2019,11283.54,11347.51,11198.09,11234.38,
28-June-2019,11274.70,11274.70,11029.96,11107.22,
1-July-2019,11184.96,11269.67,11030.89,11099.19,
2-July-2019,11120.01,11172.84,11019.07,11150.68,
3-July-2019,11166.71,11207.91,11050.31,11150.90,
4-July-2019,11156.25,11156.25,11003.79,11025.74,
5-July-2019,11074.87,11074.87,10575.20,10601.47,
8-July-2019,10561.32,10618.44,10353.46,10387.77,
9-July-2019,10420.20,10469.56,10315.35,10386.67,
10-July-2019,10369.56,10466.48,10173.98,10259.62,
11-July-2019,10378.12,10473.02,10288.85,10445.32,
12-July-2019,10470.72,10660.45,10373.61,10540.26,
15-July-2019,10567.72,10571.02,10373.67,10533.61,
16-July-2019,10535.78,10651.74,10486.78,10623.92,
17-July-2019,10638.81,10675.38,10556.03,10640.32,
18-July-2019,10625.05,10625.05,10363.12,10387.50,
19-July-2019,10416.92,10495.71,10212.74,10239.65,
22-July-2019,10253.77,10463.16,10223.90,10433.54,
23-July-2019,10449.41,10466.64,10351.77,10400.58,
24-July-2019,10392.70,10428.62,10060.25,10142.98,
25-July-2019,10178.90,10234.27,10029.30,10058.91,
26-July-2019,10105.69,10142.87,9968.37,10077.52,
29-July-2019,10064.65,10064.65,9744.54,9773.80,
30-July-2019,9804.78,9912.34,9384.69,9455.73,
31-July-2019,9402.74,9704.17,9334.51,9685.46,
1-August-2019,9660.49,9660.49,9286.37,9359.43,
2-August-2019,9243.03,9309.43,9067.18,9176.60,
5-August-2019,9094.36,9094.36,8805.35,9000.34,
6-August-2019,8825.91,9192.46,8825.91,9116.06,
7-August-2019,9100.27,9117.26,8837.10,8872.99,
8-August-2019,8868.18,8993.59,8743.51,8973.43,
9-August-2019,9022.64,9116.93,8870.30,8898.99,
13-August-2019,8904.74,8948.26,8728.07,8746.33,
14-August-2019,8861.42,9032.06,8815.35,8981.07,
16-August-2019,8916.51,8975.99,8766.06,8934.84,
19-August-2019,8999.35,9007.46,8869.42,8904.17,
20-August-2019,8906.69,8911.96,8701.69,8751.54,
21-August-2019,8746.39,8746.39,8469.92,8496.21,
22-August-2019,8447.15,8447.74,8151.88,8200.10,
23-August-2019,8178.74,8528.11,8119.74,8485.98,
26-August-2019,8618.16,8622.34,8081.52,8391.21,
27-August-2019,8468.63,8602.50,8414.16,8562.48,
28-August-2019,8546.49,8552.49,8214.35,8271.01,
29-August-2019,8218.84,8451.72,8159.44,8376.05,
30-August-2019,8484.25,8594.94,8343.33,8524.28,
3-September-2019,8455.32,8467.91,8224.61,8249.33,
4-September-2019,8241.70,8410.08,8177.19,8391.45,
5-September-2019,8482.90,8705.99,8482.90,8594.15,
6-September-2019,8627.20,8791.12,8527.36,8758.46,
9-September-2019,8728.54,8859.72,8622.20,8765.86,
11-September-2019,8830.16,9003.41,8819.39,8980.39,
12-September-2019,9036.83,9135.56,8944.13,8962.95,
13-September-2019,8947.64,9116.35,8870.68,9093.61,
16-September-2019,9012.16,9105.57,8986.11,9075.49,
17-September-2019,9074.21,9191.50,8802.89,8828.96,
18-September-2019,8871.65,8993.12,8827.61,8947.18,
19-September-2019,8931.15,8933.04,8685.54,8801.60,
20-September-2019,8806.61,9406.20,8715.05,9317.52,
23-September-2019,9540.06,9610.95,9308.76,9418.99,
24-September-2019,9434.84,9434.84,9243.52,9258.82,
25-September-2019,9194.82,9194.82,8955.55,9015.73,
26-September-2019,9038.25,9432.67,9025.82,9394.51,
27-September-2019,9416.80,9417.73,9103.13,9133.86,
30-September-2019,9070.33,9105.17,8875.92,9085.65,
1-October-2019,9138.91,9148.87,8762.01,8926.19,
3-October-2019,8866.49,8866.49,8623.84,8658.60,
4-October-2019,8720.63,8738.06,8517.22,8545.84,
7-October-2019,8595.75,8621.08,8428.50,8449.67,
9-October-2019,8438.36,8659.88,8378.35,8628.66,
10-October-2019,8609.16,8609.16,8476.46,8496.19,
11-October-2019,8565.93,8776.13,8558.81,8703.89,
14-October-2019,8803.75,8888.57,8760.11,8794.05,
15-October-2019,8767.75,9042.35,8679.08,8930.98,
16-October-2019,8970.23,9003.28,8862.96,8893.87,
17-October-2019,8860.28,9033.90,8757.27,8982.36,
18-October-2019,9020.82,9173.54,8936.46,9146.96,
22-October-2019,9164.85,9228.71,9046.74,9091.70,
23-October-2019,9119.70,9147.64,9005.31,9061.60,
24-October-2019,9030.58,9127.13,8981.87,8999.86,
25-October-2019,9021.16,9065.91,8940.10,8964.08,
27-October-2019,9056.56,9059.70,8982.42,9005.56,
29-October-2019,9047.06,9413.04,9031.78,9382.95,
30-October-2019,9417.88,9429.58,9313.45,9353.38,
31-October-2019,9405.36,9450.21,9268.74,9305.46,
1-November-2019,9259.20,9564.49,9231.89,9538.13,
4-November-2019,9629.75,9916.46,9619.92,9843.08,
5-November-2019,9910.07,9969.03,9727.06,9757.02,
6-November-2019,9751.33,9913.78,9725.26,9827.03,
7-November-2019,9880.90,9988.22,9685.36,9920.24,
8-November-2019,9916.10,9962.49,9724.66,9748.08,
11-November-2019,9719.91,9782.56,9694.92,9736.60,
13-November-2019,9755.34,9839.76,9484.35,9515.57,
14-November-2019,9578.53,9578.53,9305.07,9327.62,
15-November-2019,9351.10,9417.69,9276.90,9301.51,
18-November-2019,9337.22,9499.64,9292.39,9460.34,
19-November-2019,9500.59,9506.17,9351.32,9370.99,
20-November-2019,9426.41,9493.21,9339.27,9395.91,
21-November-2019,9384.96,9393.45,9174.85,9185.96,
22-November-2019,9175.83,9414.01,9157.35,9377.40,
25-November-2019,9467.69,9716.62,9439.75,9690.64,
26-November-2019,9742.76,9791.10,9559.83,9611.86,
27-November-2019,9649.39,9749.42,9630.68,9699.18,
28-November-2019,9693.54,9929.68,9683.49,9908.10,
29-November-2019,9877.50,9948.89,9722.08,9778.97,
2-December-2019,9807.28,9829.11,9732.56,9809.35,
3-December-2019,9810.18,9812.24,9519.09,9547.41,
4-December-2019,9473.49,9739.55,9361.27,9701.35,
5-December-2019,9723.26,9734.15,9438.60,9469.08,
6-December-2019,9488.37,9577.28,9367.97,9435.68,
9-December-2019,9444.84,9596.64,9415.55,9497.34,
10-December-2019,9502.57,9525.13,9348.61,9365.97,
11-December-2019,9398.08,9436.63,9246.05,9343.62,
12-December-2019,9412.75,9608.45,9379.75,9568.37,
13-December-2019,9734.03,9857.84,9717.04,9788.75,
16-December-2019,9845.98,9845.98,9633.73,9649.23,
17-December-2019,9694.82,9980.34,9688.35,9940.82,
18-December-2019,9948.69,10088.12,9876.78,10024.04,
19-December-2019,10024.09,10064.97,9952.54,10045.96,
20-December-2019,10058.70,10169.98,10017.25,10100.00,
23-December-2019,10139.68,10216.59,10047.91,10090.35,
24-December-2019,10129.13,10199.53,10107.92,10155.34,
26-December-2019,10178.46,10276.76,10153.12,10221.97,
27-December-2019,10242.55,10321.54,10155.69,10289.21,
30-December-2019,10317.49,10436.55,10195.47,10417.83,
31-December-2019,10405.57,10475.95,10368.15,10428.20,
1-January-2020,10442.96,10490.67,10319.96,10404.32,
2-January-2020,10494.82,10690.05,10491.47,10680.45,
3-January-2020,10668.27,10669.25,10549.38,10598.92,
6-January-2020,10558.66,10558.66,10265.77,10285.43,
7-January-2020,10347.62,10470.70,10275.15,10352.80,
8-January-2020,10258.33,10318.09,10165.74,10278.78,
9-January-2020,10454.90,10478.32,10355.70,10424.88,
10-January-2020,10467.16,10643.77,10415.94,10550.08,
13-January-2020,10596.43,10680.17,10562.41,10669.09,
14-January-2020,10704.07,10834.11,10681.24,10769.84,
15-January-2020,10724.57,10869.86,10655.82,10848.57,
16-January-2020,10858.01,10858.01,10656.29,10698.11,
17-January-2020,10709.94,10740.76,10608.71,10621.74,
20-January-2020,10668.40,10687.72,10506.51,10520.10,
21-January-2020,10491.15,10555.38,10356.74,10381.53,
22-January-2020,10356.70,10407.15,10189.92,10218.23,
23-January-2020,10235.81,10301.28,10196.39,10263.86,
24-January-2020,10266.73,10411.97,10217.42,10364.35,
27-January-2020,10253.90,10253.90,9984.53,10027.44,
28-January-2020,10057.05,10057.05,9704.75,9769.07,
29-January-2020,9864.37,9989.60,9839.79,9853.20,
30-January-2020,9868.38,9876.76,9693.52,9720.00,
31-January-2020,9798.21,9804.24,9459.99,9494.10,
1-February-2020,9500.35,9512.99,9077.95,9161.83,
3-February-2020,9153.97,9317.67,9076.01,9275.93,
4-February-2020,9382.72,9594.79,9311.12,9581.35,
5-February-2020,9610.54,9903.23,9548.09,9858.89,
6-February-2020,9925.10,10018.60,9836.35,9941.11,
7-February-2020,9931.24,10020.39,9831.27,10003.48,
10-February-2020,9910.05,9918.65,9642.23,9689.34,
11-February-2020,9747.53,9899.70,9746.69,9778.81,
12-February-2020,9847.89,9930.44,9786.91,9845.11,
13-February-2020,9888.32,9888.32,9719.99,9783.80,
14-February-2020,9808.33,9835.90,9628.39,9639.21,
17-February-2020,9670.80,9682.53,9530.09,9546.64,
18-February-2020,9520.64,9520.64,9269.77,9432.76,
19-February-2020,9540.34,9607.00,9476.24,9549.22,
20-February-2020,9561.06,9690.94,9464.48,9634.87,
24-February-2020,9574.14,9574.14,9065.77,9084.32,
25-February-2020,9154.61,9244.64,9061.86,9096.53,
26-February-2020,8985.39,9039.28,8896.79,8946.54,
27-February-2020,8936.06,8936.56,8716.81,8862.03,
28-February-2020,8630.08,8630.08,8184.41,8240.65,
2-March-2020,8436.32,8534.70,7963.73,8071.64,
3-March-2020,8221.39,8600.41,8218.21,8529.59,
4-March-2020,8539.47,8549.80,8262.95,8474.96,
5-March-2020,8574.94,8656.64,8379.78,8399.71,
6-March-2020,7992.49,8092.73,7837.50,8029.73,
9-March-2020,7761.50,7761.77,7367.45,7417.80,
11-March-2020,7498.40,7498.40,7238.84,7297.19,
12-March-2020,6903.60,6903.60,6486.31,6611.91,
13-March-2020,6244.97,7078.14,5702.33,6998.50,
16-March-2020,6780.00,6823.45,6320.42,6347.36,
17-March-2020,6396.85,6683.00,6246.81,6282.01,
18-March-2020,6486.05,6494.01,6037.64,6118.10,
19-March-2020,5746.64,5962.43,5625.83,5679.25,
20-March-2020,5832.75,6212.23,5717.03,6131.20,
23-March-2020,5728.63,5785.08,5336.05,5399.26,
24-March-2020,5655.60,5720.37,5361.15,5435.70,
25-March-2020,5406.32,5639.82,5388.18,5568.97,
26-March-2020,5655.08,5772.63,5505.26,5578.52,
27-March-2020,5676.02,5801.12,5504.87,5604.50,
30-March-2020,5542.80,5542.80,5343.45,5422.61,
31-March-2020,5538.23,5765.20,5535.87,5713.28,
1-April-2020,5720.77,5720.77,5515.93,5587.71,
3-April-2020,5624.45,5643.57,5381.81,5466.39,
7-April-2020,5637.57,5946.59,5608.65,5911.08,
8-April-2020,5843.36,6242.42,5761.18,5863.25,
9-April-2020,6002.16,6181.63,5995.08,6163.78,
13-April-2020,6203.68,6309.20,5993.05,6292.47,
15-April-2020,6388.28,6565.17,6276.44,6337.10,
16-April-2020,6318.29,6514.87,6233.50,6448.61,
17-April-2020,6621.58,6673.53,6454.56,6573.47,
20-April-2020,6679.51,6679.51,6330.59,6354.17,
21-April-2020,6254.55,6254.55,5954.25,6017.75,
22-April-2020,5998.06,6071.87,5834.18,6045.42,
23-April-2020,6124.55,6235.69,6071.06,6106.11,
24-April-2020,6080.38,6160.55,5909.22,5925.50,
27-April-2020,6052.02,6086.30,6001.51,6011.99,
28-April-2020,6065.09,6083.44,5966.16,5995.85,
29-April-2020,6062.43,6257.43,5993.91,6230.64,
30-April-2020,6379.46,6769.42,6374.43,6745.97,
4-May-2020,6494.11,6494.11,6153.81,6190.93,
5-May-2020,6316.06,6345.17,6094.01,6123.99,
6-May-2020,6197.84,6226.24,6081.95,6150.29,
7-May-2020,6083.76,6223.97,6056.20,6141.96,
8-May-2020,6314.94,6316.74,6052.59,6070.48,
11-May-2020,6170.56,6237.24,6109.53,6159.25,
12-May-2020,6089.73,6276.61,6005.97,6242.68,
13-May-2020,6573.66,6598.09,6357.71,6398.79,
14-May-2020,6299.00,6367.71,6206.12,6222.17,
15-May-2020,6296.48,6404.61,6221.12,6322.08,
18-May-2020,6362.92,6362.92,6052.24,6071.18,
19-May-2020,6144.04,6240.59,6091.58,6130.55,
20-May-2020,6092.52,6216.09,6088.62,6203.52,
21-May-2020,6243.36,6378.75,6184.54,6317.81,
22-May-2020,6265.33,6265.33,6145.09,6192.85,
26-May-2020,6254.33,6395.34,6239.53,6368.71,
27-May-2020,6404.00,6579.51,6372.00,6537.65,
28-May-2020,6562.35,6725.67,6553.90,6691.31,
29-May-2020,6610.82,6848.59,6586.43,6805.26,
1-June-2020,6883.81,7130.16,6883.81,7071.78,
2-June-2020,7134.86,7161.85,7011.01,7089.43,
3-June-2020,7166.94,7234.08,7043.39,7073.44,
4-June-2020,7112.28,7181.92,7033.66,7159.75,
5-June-2020,7246.29,7464.86,7233.02,7435.91,
8-June-2020,7494.31,7630.00,7340.91,7394.60,
9-June-2020,7444.96,7510.44,7271.14,7304.05,
10-June-2020,7275.30,7336.98,7206.60,7273.78,
11-June-2020,7275.50,7296.33,7034.89,7066.29,
12-June-2020,6835.93,7143.94,6773.52,7118.32,
15-June-2020,7141.15,7141.15,6924.89,6969.59,
16-June-2020,7106.07,7239.74,6932.50,7071.99,
17-June-2020,7042.05,7141.83,7000.24,7016.66,
18-June-2020,6990.83,7249.72,6984.36,7227.07,
19-June-2020,7313.92,7333.42,7194.42,7228.17,
22-June-2020,7261.73,7444.54,7217.11,7422.56,
23-June-2020,7458.67,7590.97,7444.76,7549.22,
24-June-2020,7660.72,7687.37,7357.49,7387.88,
25-June-2020,7319.40,7435.29,7278.41,7346.22,
26-June-2020,7403.01,7474.19,7364.59,7390.42,
29-June-2020,7361.05,7369.00,7103.11,7203.10,
30-June-2020,7258.34,7397.53,7188.91,7210.02,
1-July-2020,7243.98,7264.91,7152.38,7229.88,
2-July-2020,7271.84,7307.00,7212.99,7290.84,
3-July-2020,7318.22,7340.53,7223.24,7253.44,
6-July-2020,7300.97,7487.20,7274.51,7439.04,
7-July-2020,7468.09,7469.74,7300.03,7310.22,
8-July-2020,7340.36,7605.01,7336.69,7434.28,
9-July-2020,7498.76,7689.93,7490.61,7592.79,
10-July-2020,7559.32,7560.49,7441.47,7529.40,
13-July-2020,7594.35,7681.40,7565.61,7632.45,
14-July-2020,7615.23,7615.23,7405.35,7442.26,
15-July-2020,7497.71,7587.06,7427.17,7455.30,
16-July-2020,7457.30,7541.01,7321.29,7519.34,
17-July-2020,7580.56,7736.08,7568.41,7628.70,
20-July-2020,7674.48,7697.52,7594.74,7635.18,
21-July-2020,7702.12,7713.85,7577.62,7690.15,
22-July-2020,7742.33,7878.35,7586.21,7666.55,
23-July-2020,7692.84,7753.82,7665.92,7730.85,
24-July-2020,7675.47,7679.55,7508.78,7567.45,
27-July-2020,7564.49,7641.62,7484.58,7598.48,
28-July-2020,7606.39,7784.58,7606.39,7774.68,
29-July-2020,7791.34,7970.32,7733.64,7851.14,
30-July-2020,7862.44,7918.86,7710.52,7763.97,
31-July-2020,7773.36,7858.46,7727.41,7825.67,
3-August-2020,7850.43,7948.07,7774.09,7859.92,
4-August-2020,7913.65,7990.01,7863.19,7957.17,
5-August-2020,8009.86,8304.63,8000.17,8279.83,
6-August-2020,8289.54,8418.06,8235.24,8377.18,
7-August-2020,8389.89,8459.61,8343.02,8439.37,
10-August-2020,8450.69,8546.21,8374.31,8523.76,
11-August-2020,8589.09,8795.17,8589.09,8651.37,
12-August-2020,8612.81,8612.81,8470.16,8581.56,
13-August-2020,8684.17,8748.32,8601.03,8674.48,
14-August-2020,8685.78,8908.08,8645.30,8742.41,
17-August-2020,8784.81,9002.09,8770.91,8980.89,
18-August-2020,8997.37,9140.30,8941.54,9106.99,
19-August-2020,9166.51,9172.41,9087.93,9146.64,
20-August-2020,9040.46,9260.41,9008.97,9232.81,
21-August-2020,9312.42,9373.84,9168.67,9191.91,
24-August-2020,9254.54,9276.85,9159.01,9173.19,
25-August-2020,9204.71,9224.72,9069.52,9124.51,
26-August-2020,9158.90,9210.31,9119.54,9171.26,
27-August-2020,9201.21,9250.57,9114.06,9175.04,
28-August-2020,9207.35,9321.68,9139.95,9150.18,
31-August-2020,9183.98,9239.15,8791.34,8833.73,
1-September-2020,8832.97,9161.76,8832.97,9129.81,
2-September-2020,9189.26,9288.58,9109.45,9265.44,
3-September-2020,9253.86,9285.38,9162.65,9186.22,
4-September-2020,9028.69,9138.65,8879.62,8911.52,
7-September-2020,8968.87,9044.80,8872.82,8932.20,
8-September-2020,8961.73,8961.73,8626.52,8668.14,
9-September-2020,8555.86,8813.44,8401.51,8777.27,
10-September-2020,8862.98,8884.49,8576.36,8701.21,
11-September-2020,8730.58,8788.54,8624.87,8762.93,
14-September-2020,8804.76,8855.48,8682.68,8724.03,
15-September-2020,8765.66,8795.63,8702.57,8725.32,
16-September-2020,8747.02,8819.10,8721.48,8792.84,
17-September-2020,8772.53,8795.96,8637.74,8680.85,
18-September-2020,8714.31,8769.35,8613.02,8646.90,
21-September-2020,8647.09,8686.35,8199.26,8236.48,
22-September-2020,8216.93,8246.70,7980.34,8140.30,
23-September-2020,8192.71,8239.80,8015.26,8148.30,
24-September-2020,8025.59,8047.97,7843.45,7862.40,
25-September-2020,7933.22,8140.29,7860.39,8095.25,
28-September-2020,8189.11,8357.71,8163.62,8316.17,
29-September-2020,8391.73,8500.35,8338.72,8466.75,
30-September-2020,8484.16,8486.08,8252.45,8304.23,
1-October-2020,8366.11,8472.46,8351.48,8365.66,
5-October-2020,8440.80,8594.80,8427.05,8559.16,
6-October-2020,8623.13,8640.17,8464.71,8509.63,
7-October-2020,8527.47,8527.47,8165.74,8256.64,
8-October-2020,8274.24,8406.35,8132.87,8217.03,
9-October-2020,8209.87,8401.09,8188.91,8225.25,
12-October-2020,8170.81,8191.86,7863.15,7922.97,
13-October-2020,7936.78,8054.12,7922.32,7973.91,
14-October-2020,7971.79,8006.02,7858.99,7975.51,
15-October-2020,8012.78,8095.76,7889.30,7912.62,
16-October-2020,7961.53,8229.92,7913.53,8205.39,
19-October-2020,8264.15,8380.70,8165.86,8345.25,
20-October-2020,8307.35,8375.86,8252.97,8346.68,
21-October-2020,8406.73,8606.04,8394.94,8534.90,
22-October-2020,8578.65,8664.19,8487.40,8617.16,
23-October-2020,8647.20,8720.43,8619.44,8645.93,
26-October-2020,8649.89,8649.89,8280.15,8354.32,
27-October-2020,8321.22,8391.92,8229.48,8315.94,
28-October-2020,8238.86,8343.66,8110.05,8137.38,
29-October-2020,8071.68,8134.24,7976.97,8083.72,
30-October-2020,8111.16,8234.32,8030.57,8207.51,
2-November-2020,8238.15,8247.42,8139.85,8190.07,
3-November-2020,8234.58,8374.77,8234.58,8359.80,
4-November-2020,8339.10,8437.65,8236.28,8306.74,
5-November-2020,8391.63,8695.69,8369.13,8674.45,
6-November-2020,8673.19,8757.43,8625.01,8714.60,
9-November-2020,8739.84,8919.42,8733.32,8897.54,
10-November-2020,8962.81,9009.56,8848.05,8950.60,
11-November-2020,8964.44,9315.18,8919.25,9265.10,
12-November-2020,9288.80,9300.04,9160.14,9242.78,
13-November-2020,9212.72,9435.34,9132.04,9422.30,
14-November-2020,9474.71,9526.84,9414.59,9461.93,
17-November-2020,9551.65,9727.78,9548.02,9661.66,
18-November-2020,9635.33,9721.59,9565.87,9709.72,
19-November-2020,9598.93,9863.93,9559.59,9594.29,
20-November-2020,9662.13,9789.58,9507.49,9645.55,
23-November-2020,9700.71,9805.13,9666.64,9770.29,
24-November-2020,9850.81,9932.28,9759.00,9904.53,
25-November-2020,9950.50,10031.65,9785.84,9811.12,
26-November-2020,9846.32,10242.39,9771.20,10216.10,
27-November-2020,10238.54,10353.75,10131.30,10218.88,
1-December-2020,10336.70,10398.35,10236.86,10372.53,
2-December-2020,10403.20,10696.44,10394.55,10637.06,
3-December-2020,10716.46,10925.11,10710.64,10906.00,
4-December-2020,10946.85,11155.38,10818.74,11039.15,
7-December-2020,11050.80,11198.01,10981.70,11051.83,
8-December-2020,11097.03,11128.48,10805.60,10979.94,
9-December-2020,11082.39,11102.22,10977.23,10995.22,
10-December-2020,10946.25,11060.36,10816.78,11023.54,
11-December-2020,11062.01,11257.19,11062.01,11159.60,
14-December-2020,11263.59,11424.63,11214.58,11288.49,
15-December-2020,11306.35,11368.43,11123.43,11352.11,
16-December-2020,11434.64,11594.55,11434.64,11550.34,
17-December-2020,11581.25,11607.91,11342.10,11386.09,
18-December-2020,11423.78,11464.61,11233.98,11370.86,
21-December-2020,11279.54,11355.75,10506.59,10682.86,
22-December-2020,10633.92,10954.82,10487.00,10868.61,
23-December-2020,10867.26,11173.00,10762.91,11143.67,
24-December-2020,11273.91,11615.45,11244.08,11294.57,
28-December-2020,11417.26,11576.16,11378.85,11549.15,
29-December-2020,11616.75,11630.89,11337.26,11397.16,
30-December-2020,11427.37,11583.22,11293.25,11539.02,
31-December-2020,11539.87,11697.63,11461.02,11599.41,
1-January-2021,11616.17,11654.97,11551.77,11606.63,
4-January-2021,11696.82,12292.54,11696.82,12226.52,
5-January-2021,12128.98,12169.59,11974.09,12060.63,
6-January-2021,12114.65,12436.79,12107.29,12318.81,
7-January-2021,12429.54,12854.84,12427.79,12774.31,
8-January-2021,12864.37,12903.44,12598.02,12657.93,
11-January-2021,12675.11,12676.88,12354.14,12512.27,
12-January-2021,12508.89,12865.67,12452.53,12593.60,
13-January-2021,12707.87,12816.74,12384.02,12624.24,
14-January-2021,12616.74,12642.02,12425.93,12468.18,
15-January-2021,12528.78,12621.85,12242.95,12345.75,
18-January-2021,12326.38,12353.14,11745.05,11834.90,
19-January-2021,11909.26,12228.43,11857.16,12190.74,
20-January-2021,12244.70,12356.77,12161.15,12294.33,
21-January-2021,12331.41,12384.19,11910.02,11997.95,
22-January-2021,12017.91,12085.49,11473.87,11545.60,
25-January-2021,11723.32,11783.25,11308.25,11567.21,
27-January-2021,11588.17,11588.17,11241.98,11273.72,
28-January-2021,11063.55,11281.60,11056.23,11232.86,
29-January-2021,11315.66,11377.18,10972.91,11031.12,
1-February-2021,11043.57,11671.77,11021.30,11603.90,
2-February-2021,11704.86,11877.88,11600.94,11815.03,
3-February-2021,11858.93,12174.28,11797.98,11999.18,
4-February-2021,12054.83,12296.71,11995.39,12236.38,
5-February-2021,12321.45,12425.81,11999.16,12327.11,
8-February-2021,12455.41,12720.61,12365.79,12696.98,
9-February-2021,12779.02,12864.33,12512.24,12618.99,
10-February-2021,12734.64,12835.92,12458.73,12655.63,
11-February-2021,12590.88,12846.45,12572.54,12785.90,
12-February-2021,12764.67,12777.18,12490.16,12543.01,
15-February-2021,12634.86,12650.03,12461.91,12489.44,
16-February-2021,12518.50,13016.46,12514.69,12874.69,
17-February-2021,12851.44,12977.95,12746.55,12915.83,
18-February-2021,12982.37,13172.89,12936.02,13080.03,
19-February-2021,13091.60,13091.84,12590.50,12806.51,
22-February-2021,12822.81,13360.90,12820.14,13093.76,
23-February-2021,13193.60,13647.62,13117.88,13579.02,
24-February-2021,13695.98,13833.79,13184.76,13635.88,
25-February-2021,13757.53,14167.01,13743.26,14096.11,
26-February-2021,13858.21,14163.62,13633.25,13719.16,
1-March-2021,13914.29,14094.15,13645.37,14004.16,
2-March-2021,14121.79,14163.45,13917.87,14093.49,
3-March-2021,14182.79,14625.09,14182.79,14548.92,
4-March-2021,14301.20,14363.48,14092.78,14212.65,
5-March-2021,14095.58,14180.41,13707.38,13905.84,
8-March-2021,14108.94,14232.10,14022.30,14058.97,
9-March-2021,14162.12,14243.98,13561.41,13744.54,
10-March-2021,13861.47,14050.00,13697.31,13994.97,
12-March-2021,14176.01,14266.38,13695.99,13871.57,
15-March-2021,13892.56,14121.33,13697.78,14078.43,
16-March-2021,14156.32,14166.43,13843.08,13986.58,
17-March-2021,14016.70,14017.18,13613.11,13670.37,
18-March-2021,13804.98,13949.29,13534.87,13626.90,
19-March-2021,13535.39,13989.49,13234.85,13879.28,
22-March-2021,13870.39,13995.62,13733.69,13959.24,
23-March-2021,14005.02,14042.14,13823.70,13856.46,
24-March-2021,13760.83,13760.83,13441.35,13474.82,
25-March-2021,13518.01,13582.39,13129.30,13467.62,
26-March-2021,13596.96,14016.19,13574.06,13937.34,
30-March-2021,14125.67,14355.09,14114.15,14291.59,
31-March-2021,14266.31,14541.48,14172.42,14350.61,
1-April-2021,14492.90,15189.86,14454.95,15127.33,
5-April-2021,15174.21,15325.93,14803.63,15272.59,
6-April-2021,15412.42,15579.32,15257.12,15409.85,
7-April-2021,15468.40,15727.01,15436.36,15643.34,
8-April-2021,15809.37,16709.89,15796.41,16338.00,
9-April-2021,16420.23,16569.32,15883.55,16156.39,
12-April-2021,15742.87,15868.92,15126.89,15243.56,
13-April-2021,15294.82,15815.58,15261.52,15778.85,
15-April-2021,15882.22,16270.84,15738.87,16013.15,
16-April-2021,16106.21,16370.59,16008.39,16107.03,
19-April-2021,15715.25,16025.39,15533.83,15880.28,
20-April-2021,16100.65,16199.88,15744.03,15928.15,
22-April-2021,15932.80,16373.88,15885.81,16225.12,
23-April-2021,16280.07,16482.06,15972.82,16155.95,
26-April-2021,16313.27,16681.98,16313.20,16506.63,
27-April-2021,16651.44,17013.37,16625.09,16973.71,
28-April-2021,17124.09,17126.68,16719.26,16924.08,
29-April-2021,17108.86,17864.90,17108.48,17809.63,
30-April-2021,17703.53,18137.47,17557.88,17821.58,
3-May-2021,17749.99,18172.87,17594.64,18082.57,
4-May-2021,18232.45,18431.81,17834.24,17965.35,
5-May-2021,18189.62,18285.17,17925.92,18170.13,
6-May-2021,18272.94,18765.09,18137.51,18668.22,
7-May-2021,18967.97,19847.62,18966.91,19655.48,
10-May-2021,20054.30,20401.34,19950.93,20348.39,
11-May-2021,19882.91,20429.36,19678.40,20129.75,
12-May-2021,20260.44,20368.04,19226.29,19480.98,
14-May-2021,19701.20,19701.20,18332.05,18777.06,
17-May-2021,18921.96,19203.00,18526.37,19140.10,
18-May-2021,19444.97,19749.53,19220.09,19435.71,
19-May-2021,19358.60,19537.05,19171.90,19273.11,
20-May-2021,18986.40,18986.40,18433.75,18574.52,
21-May-2021,18735.88,18829.25,18608.92,18641.76,
24-May-2021,18688.10,18688.10,18235.66,18530.73,
25-May-2021,18743.26,19019.09,18656.82,18692.28,
26-May-2021,18568.41,18568.41,18189.15,18239.82,
27-May-2021,18300.10,18596.59,18158.50,18374.31,
28-May-2021,18763.56,18970.90,18366.97,18461.48,
31-May-2021,18564.14,18931.95,18374.61,18877.33,
1-June-2021,18996.69,18996.69,18359.37,18570.51,
2-June-2021,18608.27,18915.32,18571.12,18840.63,
3-June-2021,18978.56,19111.39,18789.52,18910.21,
4-June-2021,18851.40,19106.74,18741.51,19040.30,
7-June-2021,19164.78,19359.65,19007.64,19033.48,
8-June-2021,19077.75,19078.50,18539.67,18770.53,
9-June-2021,18811.17,18992.33,18519.65,18634.12,
10-June-2021,18741.56,19016.83,18737.10,18822.55,
11-June-2021,18957.27,19474.14,18851.95,19425.94,
14-June-2021,19506.44,19567.50,18930.02,19420.94,
15-June-2021,19447.73,19540.80,19301.48,19334.26,
16-June-2021,19255.97,19419.40,18779.87,18835.95,
17-June-2021,18662.13,18863.63,18322.22,18429.51,
18-June-2021,18424.34,18432.28,17514.46,18058.59,
21-June-2021,17716.15,18240.95,17583.81,18195.96,
22-June-2021,18338.44,18456.48,18199.58,18258.73,
23-June-2021,18392.53,18490.20,18040.98,18067.30,
24-June-2021,18122.76,18325.86,18074.90,18195.89,
25-June-2021,18374.02,18818.87,18353.88,18703.89,
28-June-2021,18846.48,19013.67,18626.55,18941.60,
29-June-2021,18972.39,18996.31,18627.24,18686.04,
30-June-2021,18802.26,18974.17,18627.98,18664.75,
1-July-2021,18730.73,18805.44,18601.21,18651.47,
2-July-2021,18725.13,18735.27,18354.58,18432.93,
5-July-2021,18573.56,18741.49,18471.06,18706.86,
6-July-2021,18707.60,18805.91,18554.18,18614.20,
7-July-2021,18610.94,19091.75,18454.42,19043.85,
8-July-2021,19090.82,19090.82,18494.68,18580.85,
9-July-2021,18591.29,19015.62,18579.79,18978.42,
12-July-2021,19084.28,19230.59,18850.23,18950.60,
13-July-2021,19066.24,19183.12,19000.63,19077.33,
14-July-2021,19144.47,19209.32,19019.15,19117.53,
15-July-2021,19177.98,19349.50,19066.71,19267.65,
16-July-2021,19394.85,19523.20,19323.43,19499.18,
19-July-2021,19343.70,19558.42,19104.19,19221.02,
20-July-2021,19212.27,19221.50,18607.25,18761.08,
22-July-2021,18972.93,19402.62,18972.93,19327.53,
23-July-2021,19464.03,19566.56,19340.90,19383.13,
26-July-2021,19578.58,19640.07,19354.77,19503.49,
27-July-2021,19675.38,19943.29,19610.77,19830.00,
28-July-2021,19937.58,20143.70,19506.65,20110.07,
29-July-2021,20231.54,21375.29,20141.81,21223.72,
30-July-2021,21235.46,21431.20,20957.32,21011.62,
2-August-2021,21184.65,21242.99,20932.41,21030.28,
3-August-2021,21086.44,21125.61,20739.84,21013.13,
4-August-2021,21123.85,21414.06,20835.30,20970.08,
5-August-2021,21052.63,21302.65,20614.21,21256.66,
6-August-2021,21359.54,21493.08,21109.39,21150.41,
9-August-2021,21322.70,21322.70,20720.91,20824.86,
10-August-2021,20890.80,20914.48,20161.82,20258.37,
11-August-2021,20432.66,21009.48,20418.39,20969.66,
12-August-2021,21048.26,21136.36,20874.53,21034.49,
13-August-2021,20988.33,21296.15,20643.53,21164.27,
16-August-2021,21310.10,21739.58,21094.85,21542.32,
17-August-2021,21550.80,21620.84,20844.46,20975.73,
18-August-2021,21026.35,21088.24,20655.88,20773.67,
20-August-2021,20338.30,20338.30,19230.91,19339.44,
23-August-2021,19589.36,19739.86,18738.48,19208.81,
24-August-2021,19461.68,19868.18,19405.84,19739.37,
25-August-2021,19905.77,20060.10,19682.64,19800.18,
26-August-2021,19820.90,19840.08,19430.00,19530.91,
27-August-2021,19630.56,19877.61,19609.41,19811.74,
30-August-2021,19987.40,20412.48,19982.44,20330.58,
31-August-2021,20376.71,20639.04,20224.52,20579.75,
1-September-2021,20673.87,20676.86,20139.19,20203.06,
2-September-2021,20308.12,20434.79,20233.78,20358.63,
3-September-2021,20397.08,20714.93,20272.71,20617.15,
6-September-2021,20726.20,20824.69,20449.99,20666.77,
7-September-2021,20730.88,20909.22,20522.62,20569.27,
8-September-2021,20505.20,20654.27,20369.97,20508.14,
9-September-2021,20496.04,20774.64,20480.92,20703.95,
13-September-2021,20763.59,21059.92,20724.20,21008.22,
14-September-2021,21155.02,21158.50,20878.27,20929.64,
15-September-2021,20994.81,21207.17,20861.01,21136.83,
16-September-2021,21226.42,21355.73,20955.87,21001.60,
17-September-2021,21153.53,21153.53,20228.82,20477.72,
20-September-2021,20059.83,20073.74,18985.90,19084.68,
21-September-2021,19082.50,19615.69,18899.88,19585.27,
22-September-2021,19689.82,20019.75,19529.59,19892.56,
23-September-2021,20174.82,20274.75,20071.97,20230.43,
24-September-2021,20247.00,20261.11,19572.98,19764.00,
27-September-2021,19791.92,19932.94,19637.18,19686.82,
28-September-2021,19735.50,20033.05,19672.11,19872.70,
29-September-2021,19776.11,20485.56,19738.96,20366.39,
30-September-2021,20469.70,20624.56,20119.64,20182.06,
1-October-2021,20060.58,20453.84,19848.44,20306.43,
4-October-2021,20421.00,20868.30,20183.48,20845.95,
5-October-2021,20801.17,21045.37,20732.24,20815.02,
6-October-2021,20962.29,21037.26,20126.42,20194.40,
7-October-2021,20416.17,20467.12,20232.40,20272.68,
8-October-2021,20406.12,20770.81,20290.80,20316.46,
11-October-2021,20512.46,20821.15,20426.30,20676.97,
12-October-2021,20824.69,20944.02,20520.78,20894.01,
13-October-2021,20963.14,21411.47,20805.46,21205.33,
14-October-2021,21471.64,21763.68,21333.86,21492.95,
18-October-2021,21950.24,22578.92,21923.58,22419.37,
19-October-2021,22639.77,22654.21,21754.21,21888.69,
20-October-2021,21854.99,21854.99,21206.80,21382.07,
21-October-2021,21587.97,21624.01,20597.26,20947.60,
22-October-2021,21008.13,21008.13,20151.66,20333.74,
25-October-2021,20363.68,20545.78,19864.63,20296.64,
26-October-2021,20368.45,20944.59,20355.33,20883.66,
27-October-2021,20948.77,20952.44,20433.92,20503.12,
28-October-2021,20257.06,20346.20,19890.23,19988.57,
29-October-2021,19944.76,20371.10,19730.27,20017.34,
1-November-2021,20339.24,20711.78,20221.19,20671.46,
2-November-2021,20810.74,20810.74,20239.54,20272.99,
3-November-2021,20361.76,20540.75,20291.62,20462.49,
4-November-2021,20636.10,20636.10,20440.93,20467.11,
8-November-2021,20638.43,20732.67,20211.84,20686.36,
9-November-2021,20710.04,20800.07,20417.15,20498.32,
10-November-2021,20421.62,20453.01,19964.56,20074.99,
11-November-2021,20115.78,20286.74,20000.82,20137.81,
12-November-2021,20461.95,20463.70,20052.92,20259.94,
15-November-2021,20360.67,20361.02,19756.51,19784.39,
16-November-2021,19795.90,20019.76,19612.35,19681.22,
17-November-2021,19623.52,19820.50,19528.75,19616.70,
18-November-2021,19719.90,19750.74,18991.70,19076.16,
22-November-2021,19105.47,19298.01,18752.71,19089.07,
23-November-2021,19172.98,19819.05,19172.98,19752.87,
24-November-2021,19790.93,19993.60,19602.18,19703.09,
25-November-2021,19785.69,19856.09,19488.65,19762.12,
26-November-2021,19534.72,19566.49,18656.49,18703.68,
29-November-2021,18725.65,18989.16,18211.48,18654.38,
30-November-2021,18715.65,18957.43,18130.83,18217.79,
1-December-2021,18361.96,18714.86,18308.97,18654.90,
2-December-2021,18698.68,18967.46,18490.31,18934.83,
3-December-2021,18968.56,19158.29,18847.83,18919.35,
6-December-2021,18860.56,19097.91,18610.04,18663.81,
7-December-2021,18873.52,19330.53,18862.52,19261.17,
8-December-2021,19464.21,19615.51,19230.61,19592.68,
9-December-2021,19680.09,19764.74,19469.95,19724.96,
10-December-2021,19672.62,19853.78,19625.98,19806.63,
13-December-2021,20071.62,20194.21,19746.99,19765.38,
14-December-2021,19685.23,19963.12,19569.21,19808.89,
15-December-2021,19847.70,19955.33,19568.24,19606.40,
16-December-2021,19762.57,19820.72,19434.47,19586.03,
17-December-2021,19483.13,19558.30,19138.67,19178.12,
20-December-2021,18945.67,18945.67,18209.47,18466.67,
21-December-2021,18670.43,19238.90,18642.02,19018.45,
22-December-2021,19156.84,19355.20,19129.14,19334.91,
23-December-2021,19484.86,19628.04,19222.75,19282.46,
24-December-2021,19356.51,19379.78,18968.06,19163.62,
27-December-2021,19119.83,19139.53,18910.57,19094.92,
28-December-2021,19191.61,19310.57,19149.43,19263.67,
29-December-2021,19233.76,19246.83,18937.00,19068.97,
30-December-2021,19086.02,19186.74,18810.10,18849.42,
31-December-2021,18884.29,19339.24,18884.29,19245.75,
3-January-2022,19344.90,19699.79,19224.91,19653.91,
4-January-2022,19745.21,19806.92,19391.08,19544.57,
5-January-2022,19534.42,19888.91,19452.56,19858.75,
6-January-2022,19827.89,19963.40,19674.53,19745.20,
7-January-2022,19782.81,19912.43,19665.73,19853.66,
10-January-2022,19967.97,19998.37,19776.41,19904.74,
11-January-2022,19828.99,19832.27,19334.27,19356.98,
12-January-2022,19567.12,19688.37,19525.01,19652.85,
13-January-2022,19755.19,20470.79,19734.68,20410.90,
14-January-2022,20357.99,20496.62,20239.29,20344.81,
17-January-2022,20395.70,20544.28,20036.45,20417.67,
18-January-2022,20529.13,20531.93,19903.40,19955.68,
19-January-2022,19937.43,20265.02,19792.96,20133.53,
20-January-2022,20169.92,20363.20,20080.92,20215.76,
21-January-2022,20187.35,20187.35,19641.19,19827.77,
24-January-2022,19707.14,19707.14,18702.99,18831.16,
25-January-2022,18774.98,19130.17,18608.30,19007.69,
27-January-2022,18840.71,19079.15,18516.10,18934.62,
28-January-2022,19152.54,19514.50,18939.13,18985.96,
31-January-2022,19318.76,19318.76,18948.48,18984.62,
1-February-2022,19186.76,19972.20,18998.11,19918.63,
2-February-2022,20077.91,20113.56,19891.76,20095.98,
3-February-2022,20009.73,20244.25,19897.09,20042.50,
4-February-2022,20119.98,20492.50,20051.93,20298.25,
7-February-2022,20328.81,20712.85,20181.52,20320.69,
8-February-2022,20457.79,20651.09,20021.79,20535.63,
9-February-2022,20674.03,20907.04,20516.03,20859.71,
10-February-2022,20928.43,21216.02,20909.39,21138.58,
11-February-2022,21020.42,21235.54,20916.86,21069.80,
14-February-2022,20209.35,20660.30,19949.21,20005.32,
15-February-2022,20206.75,20450.74,19635.76,20398.16,
16-February-2022,20504.23,20543.19,20187.08,20263.74,
17-February-2022,20375.59,20496.45,20148.79,20229.11,
18-February-2022,20171.10,20414.52,20127.93,20178.34,
21-February-2022,20015.93,20156.57,19758.16,19788.63,
22-February-2022,19236.30,19596.57,19135.93,19533.44,
23-February-2022,19668.74,19723.40,19526.77,19561.75,
24-February-2022,18868.34,19345.56,18541.39,18606.47,
25-February-2022,18953.84,19784.26,18953.84,19706.74,
28-February-2022,19598.92,20842.09,19505.70,20783.75,
2-March-2022,20747.23,21853.14,20747.23,21735.34,
3-March-2022,22133.52,22318.76,21832.02,22023.57,
4-March-2022,22024.50,22266.14,21213.06,21286.21,
7-March-2022,21303.25,21927.71,21275.34,21855.97,
8-March-2022,22006.17,22006.17,21164.65,21432.38,
9-March-2022,21496.69,21546.05,21164.17,21283.79,
10-March-2022,21343.72,21758.70,20981.97,21717.38,
11-March-2022,21759.10,22142.93,21702.39,21841.24,
14-March-2022,21863.70,21903.53,21488.01,21753.54,
15-March-2022,21569.49,21571.73,20663.09,20808.90,
16-March-2022,21035.84,21407.63,20974.87,21341.00,
17-March-2022,21480.50,22004.95,21480.50,21737.57,
21-March-2022,21942.28,22419.88,21885.91,22107.45,
22-March-2022,22278.90,22510.06,21980.62,22247.33,
23-March-2022,22463.95,22753.03,22120.92,22587.38,
24-March-2022,22604.77,23094.18,22603.86,22951.99,
25-March-2022,23010.27,23207.03,22815.29,22928.75,
28-March-2022,22917.57,23230.34,22785.37,23090.31,
29-March-2022,23133.90,23316.61,22903.07,23133.30,
30-March-2022,23056.04,23058.50,22413.83,22464.09,
31-March-2022,22462.14,22582.36,22318.15,22368.34,
1-April-2022,22427.35,22792.74,22400.78,22535.30,
4-April-2022,22593.16,23104.55,22559.54,22994.15,
5-April-2022,23180.67,23180.67,22932.46,23031.04,
6-April-2022,23026.41,23537.12,22957.70,23386.12,
7-April-2022,23450.19,23504.23,22962.16,23043.78,
8-April-2022,23203.32,23605.03,23168.11,23495.24,
11-April-2022,23556.61,23742.99,23492.74,23595.15,
12-April-2022,23515.29,23517.18,22469.72,22769.69,
13-April-2022,22950.29,23203.14,22860.73,22906.47,
18-April-2022,22990.69,23171.27,22752.57,22972.42,
19-April-2022,23162.51,23510.65,22647.22,22898.62,
20-April-2022,23058.08,23149.71,22657.59,22804.19,
21-April-2022,22881.87,22941.24,22545.01,22790.17,
22-April-2022,22632.35,22755.02,22263.24,22295.89,
25-April-2022,21951.19,21951.19,21329.80,21469.08,
26-April-2022,21646.55,21726.65,21474.95,21652.51,
27-April-2022,21500.05,21776.23,21248.78,21656.61,
28-April-2022,21932.72,21932.72,21544.15,21779.20,
29-April-2022,21883.38,22005.48,21584.60,21654.75,
2-May-2022,21475.53,21876.75,21212.51,21821.15,
4-May-2022,22044.15,22044.15,21138.44,21191.33,
5-May-2022,21540.83,21791.44,21291.54,21342.78,
6-May-2022,20723.37,20792.60,20371.22,20680.34,
9-May-2022,20394.94,20500.61,20071.90,20270.37,
10-May-2022,20105.23,20229.10,19073.09,19130.27,
11-May-2022,19179.27,19461.83,18636.96,19115.07,
12-May-2022,18954.57,19056.42,18163.42,18399.16,
13-May-2022,18605.25,18864.79,17878.39,17946.07,
16-May-2022,18217.69,18508.06,17952.66,18061.05,
17-May-2022,18329.33,19494.76,18327.64,19437.24,
18-May-2022,19635.28,19646.24,19221.24,19384.77,
19-May-2022,18834.89,18906.40,18419.29,18564.11,
20-May-2022,19133.77,19312.35,18946.52,19259.77,
23-May-2022,18683.17,18683.17,17423.00,17655.22,
24-May-2022,17736.77,17925.48,17366.73,17422.37,
25-May-2022,17501.99,17602.64,17044.92,17176.52,
26-May-2022,17411.14,17859.52,16953.59,17751.41,
27-May-2022,18061.16,18089.42,17515.65,17665.98,
